frequencia_ghz,media_db_classe_0,desvio_db_classe_0,media_db_classe_1,desvio_db_classe_1,media_db_classe_2,desvio_db_classe_2,media_db_classe_3,desvio_db_classe_3
2.400000000000,-46.241619110107,5.160879135132,-48.556278228760,4.171039104462,-46.385974884033,4.034083366394,-50.827182769775,2.173901319504
2.400166666667,-46.229602813721,5.135689735413,-48.542758941650,4.148663520813,-46.410324096680,4.300924301147,-50.813526153564,2.175263643265
2.400333333333,-46.225536346436,5.271461486816,-48.509048461914,4.109807014465,-46.448547363281,4.299612998962,-50.800491333008,2.196234464645
2.400500000000,-46.207794189453,5.344588756561,-48.488636016846,4.132572174072,-46.467098236084,4.419844627380,-50.792808532715,2.233731508255
2.400666666667,-46.214599609375,5.457120418549,-48.456676483154,4.143168449402,-46.477008819580,4.584238052368,-50.776576995850,2.254220008850
2.400833333333,-46.214473724365,5.738954067230,-48.411159515381,4.159956455231,-46.466720581055,4.650830268860,-50.724819183350,2.274312973022
2.401000000000,-46.199230194092,5.551633358002,-48.371158599854,4.183512687683,-46.442863464355,4.716165065765,-50.702732086182,2.307155132294
2.401166666667,-46.228813171387,5.515713214874,-48.333694458008,4.230070590973,-46.421112060547,4.660400390625,-50.672058105469,2.329585313797
2.401333333333,-46.203872680664,5.440369129181,-48.303073883057,4.294701099396,-46.392044067383,4.712354660034,-50.625003814697,2.311431169510
2.401500000000,-46.181316375732,5.406057834625,-48.270732879639,4.348661899567,-46.330352783203,4.642531394958,-50.574390411377,2.319562435150
2.401666666667,-46.180969238281,5.380643367767,-48.232322692871,4.406929492950,-46.281280517578,4.619554042816,-50.549034118652,2.319933414459
2.401833333333,-46.160865783691,5.274957656860,-48.193984985352,4.498027324677,-46.227741241455,4.642909049988,-50.531513214111,2.311828851700
2.402000000000,-46.127456665039,5.140348434448,-48.153778076172,4.569965362549,-46.169055938721,4.606440544128,-50.515598297119,2.315464973450
2.402166666667,-46.099494934082,5.059751510620,-48.132129669189,4.661921024323,-46.121273040771,4.592545986176,-50.494480133057,2.298719167709
2.402333333333,-46.059082031250,5.001320838928,-48.095775604248,4.695591449738,-46.081340789795,4.607176303864,-50.490043640137,2.314002275467
2.402500000000,-46.020229339600,4.877440929413,-48.058525085449,4.756592750549,-46.038101196289,4.672396659851,-50.482627868652,2.323200225830
2.402666666667,-45.983821868896,4.769629478455,-48.040775299072,4.785123348236,-46.005519866943,4.637050151825,-50.496013641357,2.350556373596
2.402833333333,-45.953983306885,4.773752689362,-48.014583587646,4.769310474396,-45.975231170654,4.619585990906,-50.512310028076,2.382627725601
2.403000000000,-45.914688110352,4.690075874329,-47.970783233643,4.819376945496,-45.946384429932,4.614609241486,-50.507301330566,2.417669773102
2.403166666667,-45.901790618896,4.671311855316,-47.947181701660,4.839588642120,-45.932430267334,4.823678493500,-50.497959136963,2.478415727615
2.403333333333,-45.894393920898,4.616032123566,-47.924263000488,4.863913536072,-45.919963836670,4.718842029572,-50.498409271240,2.526267290115
2.403500000000,-45.876346588135,4.617384433746,-47.901981353760,4.905204772949,-45.904533386230,4.546632289886,-50.495716094971,2.604790687561
2.403666666667,-45.895317077637,4.611354827881,-47.890769958496,4.939799308777,-45.892841339111,4.645976543427,-50.490829467773,2.636180639267
2.403833333333,-45.924407958984,4.619249343872,-47.876182556152,5.008429527283,-45.892612457275,4.545870780945,-50.461860656738,2.655551433563
2.404000000000,-45.972846984863,4.682861804962,-47.866134643555,5.048386573792,-45.887275695801,4.474304676056,-50.447704315186,2.647171258926
2.404166666667,-45.995208740234,4.654876232147,-47.856475830078,5.046836376190,-45.893241882324,4.369091033936,-50.407844543457,2.634651184082
2.404333333333,-46.052707672119,4.670480728149,-47.862560272217,5.148405551910,-45.893444061279,4.281689167023,-50.368644714355,2.598299503326
2.404500000000,-46.113777160645,4.734104156494,-47.863861083984,5.191481590271,-45.893600463867,4.180690765381,-50.308193206787,2.563854455948
2.404666666667,-46.138256072998,4.705076694489,-47.879322052002,5.220841407776,-45.910434722900,4.081199169159,-50.278331756592,2.552416801453
2.404833333333,-46.200622558594,4.672316074371,-47.893585205078,5.283883571625,-45.926063537598,4.042785167694,-50.238124847412,2.523829936981
2.405000000000,-46.271492004395,4.669558048248,-47.915019989014,5.275634765625,-45.949485778809,4.019728183746,-50.183307647705,2.493334054947
2.405166666667,-46.320579528809,4.658808708191,-47.938282012939,5.281887531281,-45.961353302002,4.021176815033,-50.148246765137,2.462312936783
2.405333333333,-46.374336242676,4.642723083496,-47.977882385254,5.349013805389,-45.994552612305,3.992580175400,-50.096538543701,2.386148691177
2.405500000000,-46.445667266846,4.623402118683,-48.018119812012,5.350961685181,-46.015495300293,4.013403892517,-50.064823150635,2.298652648926
2.405666666667,-46.522628784180,4.600454330444,-48.047790527344,5.359893798828,-46.030231475830,3.970295190811,-50.024433135986,2.248623609543
2.405833333333,-46.584602355957,4.692769527435,-48.086624145508,5.395514488220,-46.040287017822,3.909641742706,-50.007347106934,2.213434219360
2.406000000000,-46.665714263916,4.613239765167,-48.127048492432,5.387349605560,-46.045848846436,3.897460937500,-49.978542327881,2.187922000885
2.406166666667,-46.759288787842,4.671452522278,-48.183509826660,5.416375160217,-46.061367034912,3.860068559647,-49.966960906982,2.153624296188
2.406333333333,-46.847015380859,4.759763240814,-48.227096557617,5.409453868866,-46.048625946045,3.834221363068,-49.943176269531,2.153580427170
2.406500000000,-46.957958221436,4.745963573456,-48.277465820312,5.411777496338,-46.036369323730,3.854919910431,-49.963222503662,2.140746831894
2.406666666667,-47.055473327637,4.873586654663,-48.329906463623,5.466197967529,-46.027046203613,3.876317501068,-49.954872131348,2.137322187424
2.406833333333,-47.134120941162,4.794269084930,-48.385383605957,5.497235774994,-45.995616912842,3.867304325104,-49.949695587158,2.145478248596
2.407000000000,-47.242420196533,4.791026115417,-48.442741394043,5.580096244812,-45.975288391113,3.893323898315,-49.968318939209,2.130836725235
2.407166666667,-47.329704284668,4.793942451477,-48.503074645996,5.627646446228,-45.930889129639,3.927210807800,-49.961418151855,2.099038124084
2.407333333333,-47.435062408447,4.778701782227,-48.573974609375,5.641631603241,-45.889053344727,3.996855497360,-49.954845428467,2.083119869232
2.407500000000,-47.512611389160,4.789149284363,-48.632362365723,5.669352054596,-45.843784332275,4.036309719086,-49.980033874512,2.060493707657
2.407666666667,-47.582668304443,4.762186527252,-48.685802459717,5.732614040375,-45.800640106201,4.060521602631,-49.967685699463,2.045444726944
2.407833333333,-47.655742645264,4.718860626221,-48.760795593262,5.787412643433,-45.758205413818,4.010969638824,-49.975589752197,2.028720855713
2.408000000000,-47.728652954102,4.748212814331,-48.829036712646,5.674882888794,-45.712623596191,3.957429885864,-49.966449737549,2.014900207520
2.408166666667,-47.786670684814,4.856751441956,-48.892120361328,5.715809822083,-45.689907073975,3.862106323242,-49.966800689697,2.027263402939
2.408333333333,-47.855537414551,4.939054489136,-48.966316223145,5.654502868652,-45.669361114502,3.775524377823,-49.981143951416,2.035063505173
2.408500000000,-47.892215728760,4.920221805573,-49.042057037354,5.619732856750,-45.648658752441,3.671505689621,-49.969768524170,2.055910825729
2.408666666667,-47.947681427002,5.042862415314,-49.104682922363,5.609734058380,-45.646812438965,3.570016622543,-49.986228942871,2.089783191681
2.408833333333,-47.977615356445,4.941450595856,-49.175724029541,5.531970977783,-45.659797668457,3.508376359940,-49.993312835693,2.112790584564
2.409000000000,-48.000827789307,4.830279827118,-49.250785827637,5.610241889954,-45.684173583984,3.449706792831,-50.014240264893,2.166314601898
2.409166666667,-48.039360046387,4.730640411377,-49.317409515381,5.534041404724,-45.699001312256,3.400253057480,-50.017387390137,2.180944919586
2.409333333333,-48.045211791992,4.696708679199,-49.379352569580,5.497982025146,-45.717369079590,3.365211963654,-50.026153564453,2.195215702057
2.409500000000,-48.044605255127,4.706833362579,-49.450298309326,5.483648777008,-45.754135131836,3.347631454468,-50.047683715820,2.189005613327
2.409666666667,-48.037467956543,4.749248027802,-49.506702423096,5.386965274811,-45.768745422363,3.326201438904,-50.053226470947,2.175541400909
2.409833333333,-48.030002593994,4.809694290161,-49.555042266846,5.311766624451,-45.793907165527,3.321220397949,-50.085220336914,2.164107084274
2.410000000000,-48.002086639404,4.801814556122,-49.614170074463,5.198332786560,-45.814434051514,3.323897123337,-50.083339691162,2.125504970551
2.410166666667,-47.984760284424,4.798184394836,-49.659038543701,5.112687110901,-45.826374053955,3.319778919220,-50.108089447021,2.112394094467
2.410333333333,-47.945156097412,4.810311794281,-49.696006774902,5.094984531403,-45.837699890137,3.322754383087,-50.123046875000,2.091857433319
2.410500000000,-47.916114807129,4.784710407257,-49.728656768799,4.982255458832,-45.841777801514,3.330245018005,-50.134609222412,2.075525999069
2.410666666667,-47.878952026367,4.770149230957,-49.753005981445,4.920404911041,-45.850318908691,3.340103149414,-50.137954711914,2.076846122742
2.410833333333,-47.843894958496,4.801669597626,-49.769920349121,4.822751998901,-45.848320007324,3.335468292236,-50.148380279541,2.084147453308
2.411000000000,-47.808986663818,4.851941108704,-49.776550292969,4.787764549255,-45.853984832764,3.352533102036,-50.148166656494,2.103799581528
2.411166666667,-47.768020629883,4.868686676025,-49.780792236328,4.642919063568,-45.853534698486,3.342727661133,-50.146739959717,2.142095088959
2.411333333333,-47.738147735596,5.131697177887,-49.765289306641,4.549125671387,-45.855239868164,3.341482400894,-50.149387359619,2.153198480606
2.411500000000,-47.710937500000,5.126130580902,-49.741413116455,4.466184616089,-45.863685607910,3.352454662323,-50.137237548828,2.172237634659
2.411666666667,-47.674015045166,5.117470264435,-49.720268249512,4.447376728058,-45.871250152588,3.363607645035,-50.143779754639,2.184134483337
2.411833333333,-47.641651153564,5.050138950348,-49.709766387939,4.415518760681,-45.888690948486,3.386255979538,-50.140857696533,2.189432859421
2.412000000000,-47.602512359619,4.917884826660,-49.663787841797,4.317403793335,-45.900619506836,3.414258480072,-50.127990722656,2.192558765411
2.412166666667,-47.550643920898,4.948618888855,-49.637409210205,4.275331020355,-45.926113128662,3.436445474625,-50.117645263672,2.203228473663
2.412333333333,-47.500167846680,4.966810703278,-49.586441040039,4.324409961700,-45.961841583252,3.494083166122,-50.094657897949,2.208091259003
2.412500000000,-47.437057495117,4.957781791687,-49.553077697754,4.279083251953,-46.008773803711,3.558255195618,-50.063613891602,2.196539163589
2.412666666667,-47.374412536621,5.029444694519,-49.513896942139,4.252950191498,-46.058834075928,3.621316194534,-50.035488128662,2.210380792618
2.412833333333,-47.291976928711,5.150586128235,-49.472526550293,4.226892948151,-46.116500854492,3.736861944199,-50.000549316406,2.197525739670
2.413000000000,-47.216827392578,5.292321205139,-49.444614410400,4.191448688507,-46.169406890869,3.806300401688,-49.958675384521,2.196547508240
2.413166666667,-47.130310058594,5.445087432861,-49.406097412109,4.198931217194,-46.240200042725,3.932868480682,-49.904170989990,2.191307067871
2.413333333333,-47.037139892578,5.623090744019,-49.390689849854,4.246636867523,-46.295867919922,4.064960956573,-49.853847503662,2.176709175110
2.413500000000,-46.946189880371,5.795553207397,-49.362754821777,4.296457290649,-46.370925903320,4.168725490570,-49.813125610352,2.179811239243
2.413666666667,-46.853054046631,6.034776210785,-49.365383148193,4.294816017151,-46.436985015869,4.339113235474,-49.758605957031,2.166646957397
2.413833333333,-46.787429809570,6.288203716278,-49.356342315674,4.281056880951,-46.501289367676,4.447978973389,-49.711982727051,2.159948110580
2.414000000000,-46.721420288086,6.143080711365,-49.333225250244,4.339111328125,-46.565013885498,4.533779621124,-49.645412445068,2.153439760208
2.414166666667,-46.668685913086,6.096078395844,-49.354881286621,4.314673900604,-46.626724243164,4.577704906464,-49.609741210938,2.132084369659
2.414333333333,-46.622032165527,5.904491424561,-49.345539093018,4.347424983978,-46.670543670654,4.683290004730,-49.573661804199,2.129281997681
2.414500000000,-46.590122222900,5.824138164520,-49.366107940674,4.410764217377,-46.721900939941,4.607744216919,-49.534259796143,2.107611417770
2.414666666667,-46.574230194092,5.663723945618,-49.377243041992,4.446338653564,-46.756362915039,4.519064426422,-49.503906250000,2.115306615829
2.414833333333,-46.572971343994,5.569783687592,-49.387844085693,4.422281265259,-46.780822753906,4.432206630707,-49.486007690430,2.114016771317
2.415000000000,-46.571933746338,5.553192138672,-49.414188385010,4.475884437561,-46.797321319580,4.348746776581,-49.475944519043,2.112262248993
2.415166666667,-46.575008392334,5.574283123016,-49.442676544189,4.473919391632,-46.823177337646,4.313083648682,-49.490970611572,2.136861085892
2.415333333333,-46.582965850830,5.590146541595,-49.469211578369,4.526206016541,-46.840263366699,4.297138214111,-49.505523681641,2.153750658035
2.415500000000,-46.583938598633,5.484462738037,-49.499591827393,4.571604728699,-46.848812103271,4.291893959045,-49.550552368164,2.186159849167
2.415666666667,-46.595508575439,5.515681266785,-49.515895843506,4.549895286560,-46.852642059326,4.325514793396,-49.590721130371,2.209216594696
2.415833333333,-46.604228973389,5.575328350067,-49.561649322510,4.618764400482,-46.861007690430,4.364738464355,-49.651016235352,2.254870891571
2.416000000000,-46.616249084473,5.535999298096,-49.601169586182,4.738673210144,-46.865909576416,4.412343025208,-49.727699279785,2.263746023178
2.416166666667,-46.626499176025,5.681228160858,-49.629711151123,4.667997837067,-46.873447418213,4.383121967316,-49.813919067383,2.285435676575
2.416333333333,-46.651653289795,5.460408687592,-49.692916870117,4.738243579865,-46.879753112793,4.347690582275,-49.898807525635,2.280461549759
2.416500000000,-46.679035186768,5.300676822662,-49.727634429932,4.737678050995,-46.901275634766,4.363160133362,-49.983589172363,2.287358522415
2.416666666667,-46.722610473633,5.132616519928,-49.787479400635,4.783590793610,-46.901973724365,4.371199607849,-50.065120697021,2.285829305649
2.416833333333,-46.775562286377,5.057488918304,-49.836071014404,4.712407588959,-46.903324127197,4.394801139832,-50.148090362549,2.319607734680
2.417000000000,-46.840267181396,4.966394901276,-49.878906250000,4.800815582275,-46.912212371826,4.427883625031,-50.229087829590,2.313893556595
2.417166666667,-46.901042938232,4.946459770203,-49.943260192871,4.718657493591,-46.919437408447,4.501537799835,-50.311492919922,2.330770730972
2.417333333333,-46.975646972656,4.926857471466,-50.011802673340,4.788675308228,-46.921371459961,4.592101097107,-50.356513977051,2.310718059540
2.417500000000,-47.039203643799,4.996905803680,-50.071502685547,4.721965312958,-46.920410156250,4.742461681366,-50.430122375488,2.328643798828
2.417666666667,-47.117115020752,5.162156105042,-50.142475128174,4.734778404236,-46.905284881592,4.896037101746,-50.486000061035,2.299675464630
2.417833333333,-47.177005767822,4.939374923706,-50.201595306396,4.756432533264,-46.894100189209,4.561425209045,-50.552482604980,2.265361070633
2.418000000000,-47.235958099365,4.828368663788,-50.260185241699,4.755170822144,-46.873657226562,4.260995864868,-50.608417510986,2.236279487610
2.418166666667,-47.286567687988,4.696229457855,-50.324031829834,4.766397953033,-46.847679138184,4.162856578827,-50.656681060791,2.189932107925
2.418333333333,-47.326610565186,4.621524333954,-50.375129699707,4.774384498596,-46.810741424561,4.053702354431,-50.717361450195,2.181773424149
2.418500000000,-47.379997253418,4.576479434967,-50.443748474121,4.823797225952,-46.779418945312,3.927060604095,-50.769390106201,2.157123088837
2.418666666667,-47.429176330566,4.514004707336,-50.497730255127,4.842243671417,-46.752513885498,3.841464281082,-50.809753417969,2.138399839401
2.418833333333,-47.488006591797,4.489291191101,-50.554481506348,4.873989582062,-46.703151702881,3.752488136292,-50.850101470947,2.135803699493
2.419000000000,-47.535472869873,4.492243289948,-50.593852996826,4.973079681396,-46.657859802246,3.663049697876,-50.886882781982,2.128609180450
2.419166666667,-47.592258453369,4.490884304047,-50.643814086914,5.111605644226,-46.615772247314,3.585634708405,-50.890003204346,2.127272367477
2.419333333333,-47.663978576660,4.509517192841,-50.670158386230,4.984936237335,-46.582275390625,3.519128322601,-50.902336120605,2.117084503174
2.419500000000,-47.731033325195,4.538452148438,-50.705326080322,4.964093208313,-46.530673980713,3.457868814468,-50.877239227295,2.120766401291
2.419666666667,-47.792518615723,4.571862697601,-50.740322113037,4.952233791351,-46.495288848877,3.418547868729,-50.872688293457,2.132482528687
2.419833333333,-47.860267639160,4.669801712036,-50.770309448242,5.003193378448,-46.453063964844,3.383970737457,-50.846164703369,2.131611347198
2.420000000000,-47.931316375732,4.732237339020,-50.787284851074,4.924729824066,-46.419464111328,3.369853258133,-50.794715881348,2.101760864258
2.420166666667,-47.983707427979,4.838579177856,-50.809955596924,4.919040203094,-46.378440856934,3.348702192307,-50.758808135986,2.095832824707
2.420333333333,-48.032073974609,4.942281246185,-50.816173553467,4.863418102264,-46.341876983643,3.357253313065,-50.711563110352,2.083130836487
2.420500000000,-48.072059631348,5.062794208527,-50.834896087646,4.821613788605,-46.291435241699,3.368133306503,-50.628276824951,2.042206048965
2.420666666667,-48.112071990967,5.090931892395,-50.858913421631,4.808557987213,-46.243499755859,3.387164354324,-50.554477691650,1.979033589363
2.420833333333,-48.130458831787,4.951100349426,-50.856933593750,4.762155532837,-46.189811706543,3.424945116043,-50.493850708008,1.957244634628
2.421000000000,-48.148231506348,4.773381233215,-50.874279022217,4.769293785095,-46.128227233887,3.461273431778,-50.423931121826,1.919056892395
2.421166666667,-48.149612426758,4.610012531281,-50.877765655518,4.794139862061,-46.077568054199,3.505259752274,-50.356723785400,1.882331371307
2.421333333333,-48.148586273193,4.453088760376,-50.900756835938,4.826581478119,-46.017654418945,3.538307905197,-50.277572631836,1.872979640961
2.421500000000,-48.143943786621,4.339675903320,-50.917224884033,4.884794235229,-45.951244354248,3.590223789215,-50.207794189453,1.856821179390
2.421666666667,-48.139732360840,4.267575263977,-50.933776855469,4.978820323944,-45.887218475342,3.626991748810,-50.140480041504,1.879731774330
2.421833333333,-48.137374877930,4.199064254761,-50.945190429688,5.050775527954,-45.827236175537,3.647072076797,-50.076686859131,1.913090229034
2.422000000000,-48.128089904785,4.162911415100,-50.957309722900,5.259533882141,-45.763950347900,3.684832334518,-50.010551452637,1.946983814240
2.422166666667,-48.127464294434,4.149349689484,-50.985603332520,5.488707065582,-45.710388183594,3.688364982605,-49.953437805176,2.022887229919
2.422333333333,-48.115001678467,4.131582260132,-50.998165130615,5.670820236206,-45.670372009277,3.712630748749,-49.894203186035,2.057330369949
2.422500000000,-48.111484527588,4.147335529327,-51.014106750488,5.767275810242,-45.637958526611,3.718063592911,-49.825508117676,2.124197006226
2.422666666667,-48.106967926025,4.162348270416,-51.038726806641,5.647112846375,-45.625560760498,3.758369922638,-49.774971008301,2.146524906158
2.422833333333,-48.099834442139,4.199264049530,-51.050926208496,5.515646934509,-45.628368377686,3.790732145309,-49.715507507324,2.164969921112
2.423000000000,-48.099353790283,4.228629112244,-51.065956115723,5.302689075470,-45.644104003906,3.822937965393,-49.660335540771,2.162066221237
2.423166666667,-48.095199584961,4.234191417694,-51.079666137695,5.267520427704,-45.675685882568,3.841445207596,-49.611427307129,2.152598619461
2.423333333333,-48.086784362793,4.318913936615,-51.088211059570,5.228125572205,-45.709289550781,3.883458375931,-49.574157714844,2.145567655563
2.423500000000,-48.089160919189,4.278860092163,-51.119956970215,5.250271320343,-45.758594512939,3.917560577393,-49.547046661377,2.122371196747
2.423666666667,-48.081947326660,4.342451572418,-51.113803863525,5.236519813538,-45.821990966797,3.954027652740,-49.522148132324,2.107533454895
2.423833333333,-48.074649810791,4.373466014862,-51.125850677490,5.186943531036,-45.879493713379,4.036437988281,-49.496101379395,2.092830419540
2.424000000000,-48.052375793457,4.439318180084,-51.160030364990,5.065072536469,-45.952217102051,4.048407554626,-49.495750427246,2.081249237061
2.424166666667,-48.051658630371,4.510214328766,-51.161991119385,5.064875602722,-46.009101867676,4.084299564362,-49.482986450195,2.051112174988
2.424333333333,-48.046470642090,4.602550029755,-51.181533813477,4.998431682587,-46.083400726318,4.096991062164,-49.502712249756,2.047401666641
2.424500000000,-48.027317047119,4.761280536652,-51.187995910645,4.931635379791,-46.143974304199,4.160796642303,-49.495174407959,2.047703504562
2.424666666667,-48.022991180420,4.946327686310,-51.210590362549,4.960240840912,-46.213150024414,4.289601325989,-49.498836517334,2.023915290833
2.424833333333,-48.021556854248,4.986511707306,-51.228370666504,4.868555068970,-46.288516998291,4.413063526154,-49.508262634277,2.015764236450
2.425000000000,-48.011146545410,4.930385589600,-51.250411987305,4.868212699890,-46.360195159912,4.509663105011,-49.508922576904,2.007339239120
2.425166666667,-47.999008178711,4.909437656403,-51.257343292236,4.867043495178,-46.434791564941,4.507679462433,-49.520709991455,1.991076350212
2.425333333333,-48.000450134277,4.943521976471,-51.294109344482,4.876258850098,-46.514610290527,4.225812435150,-49.551979064941,1.998422026634
2.425500000000,-48.010990142822,5.017505645752,-51.328243255615,4.937387466431,-46.595363616943,4.041315078735,-49.569019317627,2.001070022583
2.425666666667,-48.016647338867,5.134825706482,-51.375385284424,4.927895069122,-46.676910400391,3.927652359009,-49.605632781982,1.999886393547
2.425833333333,-48.036319732666,5.147299766541,-51.398151397705,4.928049564362,-46.770187377930,3.857674837112,-49.645156860352,1.985894918442
2.426000000000,-48.047569274902,5.163620948792,-51.456584930420,5.045742988586,-46.875854492188,3.786989688873,-49.685192108154,1.995290279388
2.426166666667,-48.062736511230,5.044592857361,-51.486892700195,5.110658168793,-46.987045288086,3.771217346191,-49.736633300781,1.984950542450
2.426333333333,-48.080753326416,4.994809627533,-51.561824798584,5.121634483337,-47.105182647705,3.761235475540,-49.800918579102,1.974764108658
2.426500000000,-48.111175537109,5.092199802399,-51.598812103271,5.157491207123,-47.224105834961,3.732166767120,-49.883769989014,1.967136740685
2.426666666667,-48.121784210205,4.984535694122,-51.650413513184,5.281907558441,-47.356159210205,3.763370752335,-49.979225158691,1.965497493744
2.426833333333,-48.154903411865,4.993597507477,-51.690502166748,5.231863498688,-47.497486114502,3.758181571960,-50.065284729004,1.949354171753
2.427000000000,-48.183345794678,5.010598182678,-51.754573822021,5.096023082733,-47.644069671631,3.801992893219,-50.185909271240,1.953658103943
2.427166666667,-48.206081390381,4.975535869598,-51.813182830811,5.104326725006,-47.791625976562,3.848266601562,-50.296176910400,1.970468163490
2.427333333333,-48.227890014648,4.994782924652,-51.842258453369,5.153017044067,-47.927894592285,3.871446847916,-50.428539276123,1.991204500198
2.427500000000,-48.247791290283,4.931854248047,-51.911483764648,5.044752120972,-48.082469940186,3.940861225128,-50.555820465088,2.014321804047
2.427666666667,-48.286365509033,4.986107826233,-51.959327697754,5.024666786194,-48.195999145508,3.955379486084,-50.684421539307,2.046489715576
2.427833333333,-48.299610137939,4.992274761200,-52.009078979492,4.969309806824,-48.330211639404,3.981753349304,-50.835285186768,2.092159032822
2.428000000000,-48.320884704590,4.934122562408,-52.058265686035,5.015675544739,-48.433734893799,3.978528738022,-50.956775665283,2.136791467667
2.428166666667,-48.338691711426,4.940017700195,-52.083396911621,4.957836627960,-48.519641876221,4.018238544464,-51.097038269043,2.154990196228
2.428333333333,-48.360546112061,4.866305351257,-52.111949920654,4.911843776703,-48.603569030762,4.092169284821,-51.218547821045,2.197550058365
2.428500000000,-48.369892120361,4.853836536407,-52.150413513184,4.847264766693,-48.669250488281,4.143006324768,-51.335811614990,2.232645750046
2.428666666667,-48.362411499023,4.768660068512,-52.173545837402,4.919109344482,-48.716876983643,4.317475795746,-51.453380584717,2.246077775955
2.428833333333,-48.361953735352,4.754055976868,-52.205570220947,4.980720520020,-48.747985839844,4.247238159180,-51.541484832764,2.259610891342
2.429000000000,-48.352344512939,4.730811595917,-52.219497680664,4.845735549927,-48.775482177734,4.004124641418,-51.647712707520,2.270574331284
2.429166666667,-48.341117858887,4.754551887512,-52.233688354492,4.992971420288,-48.772697448730,3.869164705276,-51.710643768311,2.263967037201
2.429333333333,-48.319458007812,4.775774955750,-52.252815246582,4.948419570923,-48.771011352539,3.775042533875,-51.780723571777,2.246529579163
2.429500000000,-48.316513061523,4.836400508881,-52.242645263672,4.888036251068,-48.755043029785,3.649203062057,-51.835430145264,2.219287395477
2.429666666667,-48.298652648926,4.920911312103,-52.235569000244,4.869306564331,-48.725799560547,3.567756891251,-51.866611480713,2.165398836136
2.429833333333,-48.292655944824,5.024543762207,-52.237255096436,4.844766139984,-48.690341949463,3.502267122269,-51.898391723633,2.127423524857
2.430000000000,-48.283126831055,5.112898826599,-52.209728240967,4.875207901001,-48.633029937744,3.439574718475,-51.899562835693,2.050065040588
2.430166666667,-48.286872863770,5.316449642181,-52.189891815186,4.897596836090,-48.571392059326,3.395121812820,-51.912948608398,2.007292032242
2.430333333333,-48.275138854980,5.486287593842,-52.145805358887,4.824662685394,-48.502243041992,3.345704555511,-51.890663146973,1.967133164406
2.430500000000,-48.275478363037,5.451982975006,-52.112335205078,4.859917163849,-48.418479919434,3.305122852325,-51.869773864746,1.932077050209
2.430666666667,-48.262332916260,5.156584739685,-52.063159942627,4.788003444672,-48.314128875732,3.258311271667,-51.835304260254,1.910798668861
2.430833333333,-48.239997863770,5.024600028992,-52.004592895508,4.704827308655,-48.206169128418,3.221494197845,-51.797447204590,1.899587273598
2.431000000000,-48.220527648926,4.908411026001,-51.938915252686,4.749010086060,-48.083541870117,3.193305969238,-51.748161315918,1.906686544418
2.431166666667,-48.202568054199,4.814663410187,-51.871543884277,4.759970664978,-47.951198577881,3.154939413071,-51.691032409668,1.935462832451
2.431333333333,-48.180934906006,4.777657985687,-51.803054809570,4.774124145508,-47.813274383545,3.135683536530,-51.626636505127,1.959304451942
2.431500000000,-48.150661468506,4.675494194031,-51.713317871094,4.810364246368,-47.671131134033,3.100085973740,-51.553607940674,2.029084205627
2.431666666667,-48.119773864746,4.680873394012,-51.635814666748,4.860586643219,-47.535537719727,3.071367979050,-51.471164703369,2.086308240891
2.431833333333,-48.070755004883,4.622832775116,-51.536903381348,4.874729156494,-47.385189056396,3.037801265717,-51.407478332520,2.143373966217
2.432000000000,-48.020355224609,4.619256973267,-51.452865600586,4.880071163177,-47.254924774170,3.009828805923,-51.328121185303,2.194562673569
2.432166666667,-47.975219726562,4.612748146057,-51.361221313477,4.925246238708,-47.132965087891,2.975526571274,-51.247692108154,2.231090545654
2.432333333333,-47.911563873291,4.664509773254,-51.263092041016,4.984266281128,-47.023887634277,2.952221870422,-51.176971435547,2.274231433868
2.432500000000,-47.858066558838,4.685777187347,-51.188819885254,5.086094379425,-46.934154510498,2.923259496689,-51.071601867676,2.272769212723
2.432666666667,-47.779796600342,4.806755065918,-51.097366333008,5.145498752594,-46.852848052979,2.904967784882,-50.978008270264,2.294742822647
2.432833333333,-47.717350006104,4.769406318665,-51.003932952881,5.059896469116,-46.784484863281,2.876518726349,-50.898174285889,2.312999010086
2.433000000000,-47.651615142822,4.824125766754,-50.937759399414,5.423387050629,-46.740741729736,2.855984687805,-50.796077728271,2.294297933578
2.433166666667,-47.596752166748,4.740356445312,-50.854232788086,5.116842746735,-46.700607299805,2.820006370544,-50.708766937256,2.271219730377
2.433333333333,-47.545806884766,4.748111724854,-50.795413970947,5.389441013336,-46.671482086182,2.811242818832,-50.623485565186,2.235419034958
2.433500000000,-47.513736724854,4.706881999969,-50.725162506104,5.140999317169,-46.655605316162,2.790273427963,-50.531963348389,2.205116271973
2.433666666667,-47.478713989258,4.829460144043,-50.661720275879,5.282257080078,-46.642181396484,2.768913507462,-50.456642150879,2.147807359695
2.433833333333,-47.463195800781,4.846796989441,-50.612411499023,5.184240818024,-46.643447875977,2.756562948227,-50.393791198730,2.086148023605
2.434000000000,-47.461692810059,4.843004703522,-50.573001861572,5.441682815552,-46.644252777100,2.740530252457,-50.347885131836,2.034970998764
2.434166666667,-47.480495452881,4.747089862823,-50.520320892334,5.116170883179,-46.651222229004,2.713012933731,-50.309078216553,1.966507434845
2.434333333333,-47.502403259277,4.720276832581,-50.478176116943,5.022714614868,-46.668785095215,2.721871852875,-50.271018981934,1.912648558617
2.434500000000,-47.541919708252,4.675111770630,-50.472064971924,5.120118618011,-46.690128326416,2.713910818100,-50.243782043457,1.849587440491
2.434666666667,-47.585548400879,4.656555652618,-50.452617645264,5.108234882355,-46.723270416260,2.703923940659,-50.225189208984,1.803645133972
2.434833333333,-47.626609802246,4.617306232452,-50.421901702881,5.063747882843,-46.751041412354,2.708318471909,-50.209079742432,1.777017474174
2.435000000000,-47.685222625732,4.590362071991,-50.401271820068,5.064792156219,-46.791744232178,2.709010839462,-50.207683563232,1.742437362671
2.435166666667,-47.735240936279,4.553589344025,-50.400825500488,5.004935741425,-46.823768615723,2.722559213638,-50.197814941406,1.704144358635
2.435333333333,-47.785846710205,4.570630073547,-50.417575836182,4.928601264954,-46.875072479248,2.722644567490,-50.202686309814,1.696839570999
2.435500000000,-47.840904235840,4.561204910278,-50.412631988525,4.849397659302,-46.920162200928,2.739104986191,-50.221588134766,1.687888264656
2.435666666667,-47.897953033447,4.596014976501,-50.423595428467,4.859284877777,-46.968883514404,2.757788658142,-50.236335754395,1.678222298622
2.435833333333,-47.947505950928,4.526202201843,-50.452693939209,4.871626377106,-47.041790008545,2.790464639664,-50.277488708496,1.672466516495
2.436000000000,-48.001110076904,4.595097541809,-50.465900421143,4.922635555267,-47.099590301514,2.801027774811,-50.313682556152,1.690500020981
2.436166666667,-48.065917968750,4.493458271027,-50.498119354248,4.970261573792,-47.179096221924,2.856272697449,-50.371784210205,1.711116075516
2.436333333333,-48.123043060303,4.458778381348,-50.523262023926,4.990822315216,-47.268703460693,2.889616012573,-50.428619384766,1.727393507957
2.436500000000,-48.196529388428,4.427605152130,-50.556056976318,4.974699497223,-47.368164062500,2.950746536255,-50.478054046631,1.740627288818
2.436666666667,-48.268177032471,4.416306972504,-50.586791992188,4.952446937561,-47.474559783936,3.014146327972,-50.551597595215,1.736723542213
2.436833333333,-48.344532012939,4.412162780762,-50.639785766602,5.207427501678,-47.581577301025,3.107752323151,-50.609004974365,1.752304673195
2.437000000000,-48.435882568359,4.423772335052,-50.680778503418,5.112952232361,-47.702220916748,3.202297449112,-50.668109893799,1.774087548256
2.437166666667,-48.527275085449,4.380478382111,-50.708469390869,5.000976562500,-47.833919525146,3.364175319672,-50.732700347900,1.798867702484
2.437333333333,-48.621627807617,4.405772209167,-50.745807647705,4.998602390289,-47.968608856201,3.543153762817,-50.781055450439,1.810752391815
2.437500000000,-48.716003417969,4.440243244171,-50.808010101318,4.906935691833,-48.102848052979,3.710733652115,-50.852943420410,1.827404499054
2.437666666667,-48.811416625977,4.430035591125,-50.835517883301,4.788909435272,-48.229824066162,3.799062252045,-50.919982910156,1.862449765205
2.437833333333,-48.905525207520,4.443151473999,-50.893333435059,4.818578720093,-48.371986389160,3.781229496002,-51.009494781494,1.837825775146
2.438000000000,-48.995300292969,4.463531494141,-50.935665130615,4.878514766693,-48.503330230713,3.887578248978,-51.096019744873,1.859397172928
2.438166666667,-49.088977813721,4.491776466370,-50.989986419678,4.842930316925,-48.622566223145,4.008234977722,-51.171920776367,1.836699008942
2.438333333333,-49.176719665527,4.551416873932,-51.032787322998,4.835598945618,-48.729446411133,4.150840759277,-51.277095794678,1.851795315742
2.438500000000,-49.268878936768,4.577394008636,-51.064285278320,4.856566429138,-48.830047607422,4.320700168610,-51.385971069336,1.869969248772
2.438666666667,-49.363975524902,4.625119209290,-51.104522705078,5.002113819122,-48.926326751709,4.377876281738,-51.482025146484,1.898139119148
2.438833333333,-49.448696136475,4.613210678101,-51.151233673096,4.944920539856,-49.008453369141,4.280880451202,-51.602840423584,1.905906796455
2.439000000000,-49.525379180908,4.645448684692,-51.173538208008,4.960655212402,-49.063770294189,4.335875988007,-51.695175170898,1.901874065399
2.439166666667,-49.606483459473,4.702601432800,-51.211772918701,5.029298782349,-49.129776000977,4.294486522675,-51.804710388184,1.907024860382
2.439333333333,-49.666343688965,4.761223316193,-51.237209320068,4.939658164978,-49.166316986084,4.220264911652,-51.888248443604,1.896405816078
2.439500000000,-49.729183197021,4.806989669800,-51.253421783447,5.001718521118,-49.204315185547,4.332288265228,-51.987373352051,1.867388010025
2.439666666667,-49.774913787842,4.968172073364,-51.268589019775,4.980869293213,-49.224067687988,4.207996368408,-52.066555023193,1.851740479469
2.439833333333,-49.823501586914,5.142166137695,-51.262226104736,4.827044487000,-49.232215881348,4.192739009857,-52.141212463379,1.827211737633
2.440000000000,-49.845573425293,5.410420417786,-51.264999389648,4.814155101776,-49.241588592529,4.121398925781,-52.192382812500,1.807850956917
2.440166666667,-49.862091064453,5.391089439392,-51.233379364014,4.736186027527,-49.230888366699,4.110394477844,-52.254245758057,1.800041079521
2.440333333333,-49.869213104248,5.081356525421,-51.224754333496,4.556854248047,-49.223205566406,4.009567737579,-52.279026031494,1.810530185699
2.440500000000,-49.875713348389,5.019492149353,-51.181259155273,4.483585834503,-49.207889556885,3.971377849579,-52.324527740479,1.823812603951
2.440666666667,-49.878318786621,4.934447288513,-51.146266937256,4.423864364624,-49.182922363281,3.936769723892,-52.325618743896,1.844635128975
2.440833333333,-49.857566833496,4.873828887939,-51.088348388672,4.363379001617,-49.153232574463,3.848114728928,-52.317565917969,1.870454907417
2.441000000000,-49.847633361816,4.862896442413,-51.038940429688,4.356116771698,-49.121681213379,3.819218397141,-52.302062988281,1.878413319588
2.441166666667,-49.823955535889,4.844685077667,-50.958236694336,4.266998291016,-49.090953826904,3.781491518021,-52.251766204834,1.878395795822
2.441333333333,-49.791923522949,4.830718517303,-50.879856109619,4.242253780365,-49.058216094971,3.736779928207,-52.194831848145,1.869800806046
2.441500000000,-49.762954711914,4.848671913147,-50.804008483887,4.255864143372,-49.020809173584,3.727545499802,-52.128547668457,1.845708250999
2.441666666667,-49.721996307373,4.879399299622,-50.712677001953,4.249061107635,-48.989044189453,3.703369140625,-52.037139892578,1.801838397980
2.441833333333,-49.675464630127,4.930174827576,-50.626682281494,4.275818824768,-48.941589355469,3.687316179276,-51.941162109375,1.780567288399
2.442000000000,-49.629055023193,4.965684413910,-50.522300720215,4.289802551270,-48.910469055176,3.680465459824,-51.861946105957,1.777631044388
2.442166666667,-49.563465118408,5.083494663239,-50.420158386230,4.328680038452,-48.854911804199,3.680567979813,-51.803840637207,1.808706164360
2.442333333333,-49.493434906006,5.228692054749,-50.317569732666,4.359848499298,-48.810562133789,3.668297052383,-51.731868743896,1.864878773689
2.442500000000,-49.420951843262,5.308174610138,-50.203685760498,4.462133884430,-48.761157989502,3.654118537903,-51.694847106934,1.913035750389
2.442666666667,-49.322875976562,5.347243309021,-50.100357055664,4.512321949005,-48.700000762939,3.689324617386,-51.634746551514,1.967139601707
2.442833333333,-49.229446411133,5.267907142639,-49.986324310303,4.706718444824,-48.640945434570,3.707646131516,-51.604663848877,2.036680221558
2.443000000000,-49.100032806396,5.127968311310,-49.874240875244,4.854921340942,-48.574230194092,3.703132629395,-51.572822570801,2.078943014145
2.443166666667,-48.981307983398,5.101018905640,-49.769683837891,5.045766353607,-48.505981445312,3.706453800201,-51.562843322754,2.114052534103
2.443333333333,-48.854690551758,4.999065399170,-49.665119171143,5.047244548798,-48.436634063721,3.744987487793,-51.542114257812,2.167969942093
2.443500000000,-48.704200744629,4.870466709137,-49.555801391602,4.870452404022,-48.363697052002,3.794234991074,-51.521358489990,2.216779947281
2.443666666667,-48.554958343506,4.794563293457,-49.456382751465,4.816141128540,-48.287860870361,3.834959745407,-51.503482818604,2.276736259460
2.443833333333,-48.393894195557,4.675706386566,-49.363761901855,4.729317665100,-48.215736389160,3.872130393982,-51.482471466064,2.393667697906
2.444000000000,-48.254135131836,4.668937683105,-49.258014678955,4.703299999237,-48.135021209717,3.890657186508,-51.448909759521,2.500727176666
2.444166666667,-48.116798400879,4.661623954773,-49.178680419922,4.670328617096,-48.061153411865,3.883934974670,-51.419441223145,2.483669042587
2.444333333333,-47.988204956055,4.688603401184,-49.102119445801,4.705693244934,-47.978374481201,3.915236949921,-51.363109588623,2.387147903442
2.444500000000,-47.864135742188,4.762016296387,-49.020000457764,4.694941520691,-47.914115905762,3.942440509796,-51.327056884766,2.250674486160
2.444666666667,-47.789661407471,4.854794502258,-48.954193115234,4.697337627411,-47.844608306885,3.946526527405,-51.262928009033,2.099996566772
2.444833333333,-47.700031280518,4.917619228363,-48.904022216797,4.746214866638,-47.796203613281,4.214979171753,-51.192825317383,1.987523674965
2.445000000000,-47.637435913086,4.932886123657,-48.851238250732,4.725840568542,-47.735858917236,4.236546516418,-51.127372741699,1.917454361916
2.445166666667,-47.602737426758,4.936686038971,-48.796386718750,4.726166725159,-47.696548461914,4.430037021637,-51.043331146240,1.834431290627
2.445333333333,-47.561817169189,4.823709487915,-48.762680053711,4.741959571838,-47.659397125244,4.308285236359,-50.993904113770,1.783666968346
2.445500000000,-47.532539367676,4.803781032562,-48.736579895020,4.709495544434,-47.618202209473,3.886497735977,-50.964992523193,1.747217655182
2.445666666667,-47.507537841797,4.748153686523,-48.710956573486,4.721921920776,-47.597473144531,3.734709739685,-50.931255340576,1.702891588211
2.445833333333,-47.469593048096,4.674818038940,-48.704990386963,4.689793586731,-47.581851959229,3.701964139938,-50.916561126709,1.708491325378
2.446000000000,-47.459720611572,4.639360427856,-48.704689025879,4.642008304596,-47.580810546875,3.565687656403,-50.908092498779,1.678938865662
2.446166666667,-47.434593200684,4.614086151123,-48.709640502930,4.663035392761,-47.585418701172,3.566667795181,-50.903232574463,1.647040486336
2.446333333333,-47.419609069824,4.601918697357,-48.715938568115,4.563249111176,-47.603923797607,3.504016399384,-50.918991088867,1.620647430420
2.446500000000,-47.396518707275,4.576844692230,-48.738254547119,4.575095176697,-47.626960754395,3.469147920609,-50.941364288330,1.618350625038
2.446666666667,-47.390960693359,4.592195034027,-48.771797180176,4.542002677917,-47.657207489014,3.415139913559,-50.964797973633,1.593796372414
2.446833333333,-47.385818481445,4.588438510895,-48.814228057861,4.519699096680,-47.707347869873,3.373177766800,-50.990856170654,1.585890650749
2.447000000000,-47.390155792236,4.645546436310,-48.858108520508,4.496331214905,-47.766757965088,3.418750286102,-51.011428833008,1.592495083809
2.447166666667,-47.405624389648,4.681706428528,-48.911354064941,4.488109111786,-47.837234497070,3.407007217407,-51.027992248535,1.596601128578
2.447333333333,-47.423427581787,4.672423839569,-48.969421386719,4.450877189636,-47.918251037598,3.428545475006,-51.062667846680,1.627856850624
2.447500000000,-47.451885223389,4.680793762207,-49.026416778564,4.429105758667,-48.004726409912,3.460406541824,-51.101016998291,1.648291945457
2.447666666667,-47.492218017578,4.587214469910,-49.102157592773,4.419911384583,-48.101257324219,3.530631065369,-51.130828857422,1.670631051064
2.447833333333,-47.527534484863,4.540444850922,-49.172065734863,4.367261409760,-48.194561004639,3.566377878189,-51.169731140137,1.664332747459
2.448000000000,-47.573436737061,4.496889591217,-49.265422821045,4.361472129822,-48.278854370117,3.613371133804,-51.206520080566,1.696216225624
2.448166666667,-47.619415283203,4.480711460114,-49.347667694092,4.343231678009,-48.362445831299,3.695580720901,-51.252998352051,1.725442886353
2.448333333333,-47.675117492676,4.447331428528,-49.436904907227,4.338696956635,-48.453739166260,3.724824905396,-51.300090789795,1.745225548744
2.448500000000,-47.719081878662,4.461825370789,-49.512977600098,4.313649177551,-48.529426574707,3.854276657104,-51.371528625488,1.788758873940
2.448666666667,-47.767032623291,4.458105564117,-49.605037689209,4.334718227386,-48.595691680908,3.906727552414,-51.431949615479,1.833193421364
2.448833333333,-47.811737060547,4.464743614197,-49.695068359375,4.300890922546,-48.671604156494,4.036187648773,-51.499034881592,1.857454419136
2.449000000000,-47.859855651855,4.446318149567,-49.782615661621,4.330866813660,-48.727668762207,3.949012517929,-51.565444946289,1.888527393341
2.449166666667,-47.909008026123,4.479970455170,-49.865036010742,4.242378711700,-48.781417846680,4.046324253082,-51.647796630859,1.928217530251
2.449333333333,-47.982147216797,4.505187988281,-49.959079742432,4.255938529968,-48.821060180664,3.985267400742,-51.727603912354,1.956094622612
2.449500000000,-48.039215087891,4.505065441132,-50.028755187988,4.256497859955,-48.859062194824,3.865701436996,-51.816841125488,1.980784654617
2.449666666667,-48.111068725586,4.587402343750,-50.109302520752,4.214656829834,-48.901275634766,3.895466089249,-51.894794464111,2.005223035812
2.449833333333,-48.188732147217,4.655397415161,-50.182571411133,4.185655117035,-48.926513671875,3.819816112518,-51.958862304688,2.014706373215
2.450000000000,-48.259994506836,4.664516448975,-50.239353179932,4.163389205933,-48.966423034668,3.843934059143,-52.048709869385,2.033036708832
2.450166666667,-48.343780517578,4.720641613007,-50.305038452148,4.127522468567,-48.988304138184,3.808104276657,-52.115394592285,2.041030883789
2.450333333333,-48.414169311523,4.706291675568,-50.349029541016,4.094379425049,-49.028640747070,3.827008724213,-52.182056427002,2.065757989883
2.450500000000,-48.489940643311,4.641018390656,-50.404254913330,4.032021999359,-49.057415008545,3.787861108780,-52.204772949219,2.053779363632
2.450666666667,-48.556861877441,4.676821231842,-50.442623138428,4.013849735260,-49.103538513184,3.816435337067,-52.261894226074,2.064429998398
2.450833333333,-48.620738983154,4.564833164215,-50.467750549316,3.935628175735,-49.133659362793,3.837334156036,-52.272789001465,2.072382211685
2.451000000000,-48.657871246338,4.560579299927,-50.494197845459,3.919090986252,-49.175941467285,3.870085477829,-52.309406280518,2.072225809097
2.451166666667,-48.704704284668,4.501377582550,-50.500354766846,3.913195848465,-49.216629028320,3.872252225876,-52.319286346436,2.072873830795
2.451333333333,-48.723014831543,4.455479621887,-50.506156921387,3.856007814407,-49.256198883057,3.864161014557,-52.332595825195,2.096667766571
2.451500000000,-48.749294281006,4.336753845215,-50.500907897949,3.839127540588,-49.283424377441,3.868232727051,-52.343036651611,2.106459617615
2.451666666667,-48.774734497070,4.302215099335,-50.504772186279,3.802670240402,-49.329742431641,3.881628751755,-52.359485626221,2.109790325165
2.451833333333,-48.778377532959,4.301014900208,-50.489593505859,3.810546159744,-49.347656250000,3.897505044937,-52.376926422119,2.125957489014
2.452000000000,-48.793167114258,4.215320110321,-50.461975097656,3.775739431381,-49.378433227539,3.917480230331,-52.385017395020,2.123919248581
2.452166666667,-48.794380187988,4.217516899109,-50.439277648926,3.774034500122,-49.391853332520,3.939888000488,-52.392227172852,2.132449865341
2.452333333333,-48.804267883301,4.176168918610,-50.407352447510,3.767122507095,-49.404602050781,3.970378875732,-52.394935607910,2.134054660797
2.452500000000,-48.808261871338,4.217452526093,-50.357231140137,3.778973340988,-49.406253814697,3.988464593887,-52.407543182373,2.131768941879
2.452666666667,-48.821834564209,4.242854595184,-50.315639495850,3.798762559891,-49.411907196045,4.022435665131,-52.403091430664,2.162470340729
2.452833333333,-48.823532104492,4.251157760620,-50.266784667969,3.834281444550,-49.404369354248,4.116327762604,-52.418865203857,2.186992883682
2.453000000000,-48.841442108154,4.288243293762,-50.212478637695,3.883147716522,-49.399204254150,4.069437026978,-52.401096343994,2.222774028778
2.453166666667,-48.835216522217,4.276992797852,-50.141727447510,3.907752037048,-49.376075744629,3.986508369446,-52.389137268066,2.236239910126
2.453333333333,-48.854629516602,4.320046424866,-50.074260711670,3.972658395767,-49.358688354492,3.865405321121,-52.366245269775,2.238689899445
2.453500000000,-48.860046386719,4.350706577301,-50.009571075439,4.061239242554,-49.330032348633,3.813777685165,-52.355079650879,2.245040655136
2.453666666667,-48.870037078857,4.442456722260,-49.943042755127,4.201292037964,-49.299652099609,3.728584766388,-52.307365417480,2.229104042053
2.453833333333,-48.878269195557,4.519118785858,-49.860565185547,4.273937702179,-49.260753631592,3.692665576935,-52.248111724854,2.200540304184
2.454000000000,-48.866565704346,4.528251647949,-49.800079345703,4.476401329041,-49.234580993652,3.669951438904,-52.205509185791,2.165984153748
2.454166666667,-48.874450683594,4.560134410858,-49.724868774414,4.689218521118,-49.198741912842,3.644863843918,-52.130748748779,2.131009340286
2.454333333333,-48.870311737061,4.426445007324,-49.654930114746,4.923956871033,-49.149589538574,3.628879070282,-52.058280944824,2.082932472229
2.454500000000,-48.876300811768,4.386287689209,-49.586158752441,4.952625751495,-49.102783203125,3.612824678421,-51.986248016357,2.054931640625
2.454666666667,-48.862388610840,4.325612545013,-49.516418457031,4.950503826141,-49.057510375977,3.579622983932,-51.911804199219,2.059351205826
2.454833333333,-48.872489929199,4.347569942474,-49.445838928223,4.837494373322,-49.018608093262,3.558200120926,-51.843528747559,2.017532348633
2.455000000000,-48.874336242676,4.291439533234,-49.382762908936,4.780819416046,-48.970939636230,3.530825853348,-51.777816772461,1.993208646774
2.455166666667,-48.858345031738,4.334182739258,-49.318702697754,4.503088951111,-48.935134887695,3.507218122482,-51.720241546631,1.969475269318
2.455333333333,-48.846023559570,4.341249942780,-49.261615753174,4.378192424774,-48.893505096436,3.488964796066,-51.685718536377,1.954889535904
2.455500000000,-48.839572906494,4.353867053986,-49.215808868408,4.333184242249,-48.848606109619,3.451402425766,-51.650897979736,1.961626768112
2.455666666667,-48.826435089111,4.333399772644,-49.163795471191,4.234290122986,-48.813606262207,3.455644845963,-51.631813049316,1.975355625153
2.455833333333,-48.797527313232,4.324749946594,-49.122821807861,4.179519653320,-48.790649414062,3.444996595383,-51.610984802246,1.967698574066
2.456000000000,-48.787338256836,4.304924488068,-49.084888458252,4.138902187347,-48.776062011719,3.437612771988,-51.612266540527,2.001832485199
2.456166666667,-48.763278961182,4.251308441162,-49.068798065186,4.088857650757,-48.759693145752,3.430849552155,-51.617507934570,2.056853294373
2.456333333333,-48.764198303223,4.283466815948,-49.032173156738,4.061286449432,-48.756248474121,3.423101663589,-51.641773223877,2.027196645737
2.456500000000,-48.727005004883,4.244258880615,-49.017959594727,3.989274740219,-48.747032165527,3.422708034515,-51.679630279541,1.996364235878
2.456666666667,-48.728458404541,4.246088981628,-49.010993957520,3.979724168777,-48.738677978516,3.425828456879,-51.702518463135,1.960046768188
2.456833333333,-48.709499359131,4.220766067505,-48.994735717773,3.932776212692,-48.753116607666,3.433560371399,-51.732341766357,1.899640798569
2.457000000000,-48.686241149902,4.220094680786,-49.001571655273,3.931264162064,-48.780002593994,3.424809932709,-51.774345397949,1.852127671242
2.457166666667,-48.666389465332,4.225434303284,-49.009502410889,3.904034376144,-48.805755615234,3.432404041290,-51.787498474121,1.805914759636
2.457333333333,-48.651119232178,4.215914726257,-49.023689270020,3.919134140015,-48.828903198242,3.426140785217,-51.838359832764,1.754688978195
2.457500000000,-48.632469177246,4.248263359070,-49.045566558838,3.935759067535,-48.869476318359,3.446168184280,-51.859992980957,1.738955736160
2.457666666667,-48.615722656250,4.254401683807,-49.074893951416,3.935508728027,-48.914844512939,3.447823524475,-51.898468017578,1.741862893105
2.457833333333,-48.609123229980,4.264493465424,-49.100402832031,3.926424026489,-48.966232299805,3.449544906616,-51.923187255859,1.721562504768
2.458000000000,-48.606365203857,4.318762302399,-49.145488739014,3.978156566620,-49.014278411865,3.463081121445,-51.962581634521,1.739877462387
2.458166666667,-48.595325469971,4.352882385254,-49.187435150146,3.974274635315,-49.071910858154,3.491334199905,-51.994407653809,1.724572062492
2.458333333333,-48.596874237061,4.407127857208,-49.243331909180,4.033591747284,-49.124553680420,3.480296373367,-52.013015747070,1.705605864525
2.458500000000,-48.588977813721,4.479059696198,-49.300697326660,4.056971073151,-49.181945800781,3.541505575180,-52.057216644287,1.695767760277
2.458666666667,-48.585922241211,4.559751987457,-49.364475250244,4.119084358215,-49.225765228271,3.565017938614,-52.095298767090,1.675939202309
2.458833333333,-48.578006744385,4.608365535736,-49.429519653320,4.166014671326,-49.275100708008,3.628402233124,-52.142917633057,1.665241956711
2.459000000000,-48.567348480225,4.728386878967,-49.513698577881,4.264841556549,-49.303588867188,3.650181055069,-52.188640594482,1.645000576973
2.459166666667,-48.556308746338,4.833382129669,-49.588134765625,4.335628032684,-49.332126617432,3.674609661102,-52.243164062500,1.671049714088
2.459333333333,-48.538242340088,4.847830295563,-49.661796569824,4.418377876282,-49.346302032471,3.697958946228,-52.304561614990,1.681407094002
2.459500000000,-48.522243499756,4.909517765045,-49.752620697021,4.511831283569,-49.362365722656,3.706987619400,-52.339004516602,1.716969609261
2.459666666667,-48.505027770996,4.952411651611,-49.854076385498,4.684767723083,-49.374523162842,3.732164859772,-52.402351379395,1.748609662056
2.459833333333,-48.486869812012,5.015022754669,-49.925338745117,4.689096927643,-49.363937377930,3.763246059418,-52.458229064941,1.801083207130
2.460000000000,-48.486782073975,5.120294094086,-50.010730743408,4.863351345062,-49.362991333008,3.838539838791,-52.499626159668,1.820233106613
2.460166666667,-48.493793487549,5.238861083984,-50.102226257324,4.895577907562,-49.345233917236,3.857973337173,-52.559543609619,1.897150754929
2.460333333333,-48.504833221436,5.220925807953,-50.178184509277,4.897119998932,-49.340377807617,3.946472644806,-52.604919433594,1.941760420799
2.460500000000,-48.519142150879,4.972538471222,-50.256305694580,5.122147083282,-49.314296722412,4.005845069885,-52.645481109619,1.980222940445
2.460666666667,-48.556468963623,4.870971679688,-50.314712524414,5.011234283447,-49.302597045898,4.075703144073,-52.688175201416,2.037984132767
2.460833333333,-48.578105926514,4.761971950531,-50.387527465820,4.993796825409,-49.289302825928,4.126966953278,-52.732475280762,2.087468624115
2.461000000000,-48.602787017822,4.685152053833,-50.438735961914,4.806514739990,-49.274162292480,4.180230140686,-52.751274108887,2.107042312622
2.461166666667,-48.622222900391,4.593778133392,-50.495750427246,4.834841251373,-49.265781402588,4.238762855530,-52.766162872314,2.139216184616
2.461333333333,-48.637863159180,4.557814121246,-50.526378631592,4.755447864532,-49.253520965576,4.316497802734,-52.792800903320,2.138277053833
2.461500000000,-48.652748107910,4.524136543274,-50.562561035156,4.702800273895,-49.245586395264,4.313255786896,-52.788970947266,2.153423547745
2.461666666667,-48.647312164307,4.502266407013,-50.586738586426,4.640111446381,-49.238380432129,4.403350830078,-52.769329071045,2.143439531326
2.461833333333,-48.639377593994,4.480731964111,-50.598560333252,4.660843372345,-49.236270904541,4.444361686707,-52.760650634766,2.146702051163
2.462000000000,-48.617130279541,4.467899322510,-50.618667602539,4.704724311829,-49.227394104004,4.614413261414,-52.732627868652,2.132687807083
2.462166666667,-48.593288421631,4.456647396088,-50.611152648926,4.687722682953,-49.209205627441,4.644478321075,-52.696311950684,2.098677873611
2.462333333333,-48.547122955322,4.476234436035,-50.614479064941,4.741071224213,-49.182270050049,4.798828601837,-52.660797119141,2.124290466309
2.462500000000,-48.483036041260,4.477496623993,-50.592880249023,4.734621524811,-49.161098480225,4.922248840332,-52.610347747803,2.100527763367
2.462666666667,-48.422912597656,4.481119632721,-50.568443298340,4.716935157776,-49.130802154541,4.685206413269,-52.556850433350,2.081820249557
2.462833333333,-48.366729736328,4.686049461365,-50.552165985107,4.740898609161,-49.079086303711,4.680144786835,-52.491981506348,2.052116870880
2.463000000000,-48.290195465088,4.720686912537,-50.530639648438,4.763605117798,-49.023277282715,4.595683097839,-52.422676086426,2.022214889526
2.463166666667,-48.218204498291,4.817673206329,-50.502887725830,4.764210224152,-48.973789215088,4.608943939209,-52.349067687988,1.989013671875
2.463333333333,-48.135421752930,4.762941360474,-50.460212707520,4.806615352631,-48.908542633057,4.508765697479,-52.291229248047,1.932484507561
2.463500000000,-48.060375213623,4.517677783966,-50.431190490723,4.723716259003,-48.841953277588,4.528614044189,-52.206920623779,1.894586682320
2.463666666667,-48.002223968506,4.365624904633,-50.391571044922,4.676326751709,-48.778854370117,4.460970878601,-52.157016754150,1.853891015053
2.463833333333,-47.928524017334,4.327378749847,-50.372886657715,4.652547359467,-48.713951110840,4.459804058075,-52.073699951172,1.817175507545
2.464000000000,-47.868656158447,4.317174911499,-50.330249786377,4.624337196350,-48.638183593750,4.375180244446,-52.025791168213,1.778899073601
2.464166666667,-47.823371887207,4.364682674408,-50.317874908447,4.589430332184,-48.593444824219,4.355555057526,-51.966762542725,1.758061051369
2.464333333333,-47.790439605713,4.399998664856,-50.287334442139,4.571618556976,-48.535621643066,4.327963829041,-51.896148681641,1.736818909645
2.464500000000,-47.763977050781,4.444797992706,-50.253376007080,4.609003543854,-48.492595672607,4.322532176971,-51.842269897461,1.704419255257
2.464666666667,-47.750019073486,4.529800891876,-50.220291137695,4.592404842377,-48.484767913818,4.255761623383,-51.810226440430,1.702204227448
2.464833333333,-47.762405395508,4.591543674469,-50.202648162842,4.639222621918,-48.477611541748,4.212970256805,-51.773487091064,1.697274088860
2.465000000000,-47.772003173828,4.741133689880,-50.170337677002,4.736066341400,-48.483711242676,4.189448833466,-51.730285644531,1.722041368484
2.465166666667,-47.791652679443,4.974987506866,-50.157161712646,4.783695697784,-48.515285491943,4.168134689331,-51.697830200195,1.733924031258
2.465333333333,-47.806144714355,4.896896839142,-50.134632110596,4.869479179382,-48.572059631348,4.182994365692,-51.688709259033,1.759672522545
2.465500000000,-47.813114166260,4.657635688782,-50.115745544434,4.873907089233,-48.630611419678,4.206357002258,-51.681934356689,1.797900199890
2.465666666667,-47.830345153809,4.542177677155,-50.091972351074,4.818459987640,-48.723060607910,4.233194828033,-51.676795959473,1.839710712433
2.465833333333,-47.834922790527,4.417956829071,-50.075794219971,4.778542041779,-48.807640075684,4.309431076050,-51.686885833740,1.887690782547
2.466000000000,-47.839523315430,4.357279777527,-50.062408447266,4.742344379425,-48.912540435791,4.345487594604,-51.700431823730,1.933894038200
2.466166666667,-47.852848052979,4.310454845428,-50.052951812744,4.695182323456,-49.011447906494,4.455917358398,-51.737323760986,1.976076364517
2.466333333333,-47.873489379883,4.289561271667,-50.035095214844,4.705379009247,-49.118057250977,4.569886684418,-51.767307281494,2.017293930054
2.466500000000,-47.896629333496,4.276813030243,-50.045265197754,4.724162578583,-49.230278015137,4.637207508087,-51.798099517822,2.048039913177
2.466666666667,-47.912055969238,4.288508892059,-50.048816680908,4.745209217072,-49.340389251709,4.843931674957,-51.840705871582,2.096178293228
2.466833333333,-47.947280883789,4.316741943359,-50.047599792480,4.736095428467,-49.432006835938,4.919128417969,-51.881385803223,2.158962726593
2.467000000000,-47.993041992188,4.347242355347,-50.052944183350,4.786254405975,-49.520980834961,4.868899345398,-51.923641204834,2.195699930191
2.467166666667,-48.048812866211,4.444640636444,-50.069484710693,4.833981990814,-49.595401763916,4.891393661499,-51.970600128174,2.231165885925
2.467333333333,-48.103820800781,4.558357715607,-50.086017608643,4.805879116058,-49.660545349121,4.865722656250,-52.021987915039,2.257132768631
2.467500000000,-48.168361663818,4.657413959503,-50.099243164062,4.858698844910,-49.718238830566,4.916075229645,-52.071727752686,2.278359413147
2.467666666667,-48.226413726807,4.729160308838,-50.142208099365,4.967708110809,-49.750442504883,4.992744445801,-52.129878997803,2.252977371216
2.467833333333,-48.301654815674,4.733059406281,-50.163799285889,5.081456661224,-49.785007476807,4.726051330566,-52.201797485352,2.276810646057
2.468000000000,-48.376174926758,4.750499248505,-50.191108703613,5.318162441254,-49.810630798340,4.620173931122,-52.246398925781,2.270550251007
2.468166666667,-48.439655303955,4.853249073029,-50.229343414307,5.133270740509,-49.836418151855,4.728299617767,-52.307258605957,2.280097484589
2.468333333333,-48.506412506104,4.844820499420,-50.262397766113,4.984953403473,-49.831806182861,4.724153041840,-52.339416503906,2.294634103775
2.468500000000,-48.580554962158,4.817351341248,-50.312767028809,4.841229438782,-49.809566497803,4.501655101776,-52.405685424805,2.320991516113
2.468666666667,-48.649051666260,4.742309093475,-50.347728729248,4.732346057892,-49.781719207764,4.206491470337,-52.422454833984,2.344464540482
2.468833333333,-48.728904724121,4.644711494446,-50.408729553223,4.731353759766,-49.749031066895,4.136157512665,-52.451717376709,2.330803155899
2.469000000000,-48.785331726074,4.582268714905,-50.442035675049,4.686004161835,-49.714626312256,3.938772678375,-52.483211517334,2.363492488861
2.469166666667,-48.876033782959,4.526910305023,-50.510250091553,4.661967277527,-49.666549682617,3.868472337723,-52.497241973877,2.351672887802
2.469333333333,-48.950752258301,4.520968437195,-50.558647155762,4.650623321533,-49.616592407227,3.757144689560,-52.536045074463,2.333839416504
2.469500000000,-49.033813476562,4.492896556854,-50.622207641602,4.731969356537,-49.561893463135,3.688464641571,-52.552074432373,2.331766366959
2.469666666667,-49.114387512207,4.478973865509,-50.675327301025,4.685728073120,-49.520973205566,3.607482433319,-52.599784851074,2.296515941620
2.469833333333,-49.173492431641,4.450632572174,-50.733329772949,4.739208698273,-49.477008819580,3.574791431427,-52.634330749512,2.266302108765
2.470000000000,-49.264076232910,4.481777191162,-50.777465820312,4.743048191071,-49.430343627930,3.500422239304,-52.657150268555,2.247234582901
2.470166666667,-49.327796936035,4.439807891846,-50.855033874512,4.818475246429,-49.387226104736,3.434654712677,-52.714111328125,2.202283382416
2.470333333333,-49.388355255127,4.445342540741,-50.915519714355,4.884953022003,-49.341503143311,3.408650875092,-52.727218627930,2.154956340790
2.470500000000,-49.424030303955,4.436035156250,-50.960338592529,4.889872550964,-49.301387786865,3.373341083527,-52.749893188477,2.084807395935
2.470666666667,-49.474502563477,4.425210475922,-51.010974884033,4.977202892303,-49.266822814941,3.346126079559,-52.777000427246,1.992695450783
2.470833333333,-49.496398925781,4.479368686676,-51.059726715088,4.996099472046,-49.231372833252,3.331930875778,-52.773799896240,1.959021091461
2.471000000000,-49.526252746582,4.538308143616,-51.107280731201,5.070332527161,-49.177524566650,3.324744462967,-52.777191162109,1.923704624176
2.471166666667,-49.543193817139,4.599649906158,-51.163837432861,5.170624732971,-49.142322540283,3.304374933243,-52.781002044678,1.921857476234
2.471333333333,-49.556423187256,4.679951667786,-51.198432922363,5.174344539642,-49.084747314453,3.325554847717,-52.757740020752,1.897346973419
2.471500000000,-49.555545806885,4.797562122345,-51.235721588135,5.242164134979,-49.023735046387,3.343819379807,-52.736648559570,1.900620698929
2.471666666667,-49.556243896484,4.864452362061,-51.266597747803,5.141450881958,-48.968196868896,3.335794210434,-52.699634552002,1.921594023705
2.471833333333,-49.559505462646,4.810374259949,-51.292263031006,5.235197067261,-48.898849487305,3.375638961792,-52.660087585449,1.931460380554
2.472000000000,-49.546482086182,4.777067661285,-51.304313659668,5.211793422699,-48.818866729736,3.410866022110,-52.619255065918,1.945202589035
2.472166666667,-49.531230926514,4.728880405426,-51.300930023193,5.130786418915,-48.738292694092,3.413181066513,-52.553855895996,1.935607671738
2.472333333333,-49.515720367432,4.737034797668,-51.302104949951,5.132217884064,-48.644538879395,3.462703704834,-52.493412017822,1.912772297859
2.472500000000,-49.482311248779,4.737284660339,-51.307483673096,5.165176868439,-48.548290252686,3.495756626129,-52.429794311523,1.944114565849
2.472666666667,-49.452732086182,4.763875961304,-51.280113220215,5.082444190979,-48.431900024414,3.474355936050,-52.372798919678,1.966698646545
2.472833333333,-49.410800933838,4.741199016571,-51.256832122803,5.053237915039,-48.311862945557,3.474106073380,-52.303455352783,1.993071556091
2.473000000000,-49.363391876221,4.762682914734,-51.208900451660,4.979119300842,-48.174293518066,3.432954549789,-52.236850738525,2.017479658127
2.473166666667,-49.293426513672,4.739772796631,-51.157783508301,5.027036190033,-48.048427581787,3.401701211929,-52.165489196777,2.036691904068
2.473333333333,-49.230373382568,4.722782611847,-51.110774993896,4.953545093536,-47.912635803223,3.368038654327,-52.091499328613,2.076090574265
2.473500000000,-49.134452819824,4.675636768341,-51.048404693604,4.915511131287,-47.756317138672,3.322879076004,-52.017032623291,2.079474687576
2.473666666667,-49.037193298340,4.631363391876,-50.983329772949,4.942013263702,-47.623043060303,3.318903446198,-51.941036224365,2.100329875946
2.473833333333,-48.941551208496,4.628520011902,-50.912006378174,4.885171413422,-47.469543457031,3.305441141129,-51.836158752441,2.102406978607
2.474000000000,-48.841285705566,4.639424800873,-50.829048156738,4.899864673615,-47.337608337402,3.268980979919,-51.744800567627,2.083846092224
2.474166666667,-48.738079071045,4.643915176392,-50.739109039307,4.912180900574,-47.202533721924,3.273936510086,-51.664291381836,2.103082656860
2.474333333333,-48.632835388184,4.649959564209,-50.664283752441,4.877753734589,-47.095092773438,3.281547546387,-51.559894561768,2.135245561600
2.474500000000,-48.534858703613,4.647780895233,-50.586570739746,4.874366283417,-46.984867095947,3.288434505463,-51.474624633789,2.125829696655
2.474666666667,-48.436023712158,4.646531105042,-50.490383148193,4.729765892029,-46.913978576660,3.312480449677,-51.382198333740,2.106501340866
2.474833333333,-48.337745666504,4.668391227722,-50.402572631836,4.668166637421,-46.854057312012,3.348905563354,-51.297107696533,2.120790243149
2.475000000000,-48.256340026855,4.674600124359,-50.330821990967,4.625097274780,-46.825233459473,3.417212724686,-51.208740234375,2.096665382385
2.475166666667,-48.173229217529,4.708073616028,-50.250522613525,4.402873992920,-46.801815032959,3.476139783859,-51.150009155273,2.099344730377
2.475333333333,-48.085437774658,4.690101623535,-50.166744232178,4.404367923737,-46.804653167725,3.550756454468,-51.070564270020,2.082692861557
2.475500000000,-48.016021728516,4.728404998779,-50.119770050049,4.328877925873,-46.829376220703,3.650649547577,-51.013824462891,2.058900594711
2.475666666667,-47.935314178467,4.739524364471,-50.041942596436,4.251075744629,-46.866733551025,3.771846532822,-50.964935302734,2.013643980026
2.475833333333,-47.860301971436,4.752984523773,-49.988845825195,4.248447418213,-46.912784576416,3.842069149017,-50.930717468262,1.992874026299
2.476000000000,-47.773818969727,4.773182392120,-49.939174652100,4.172066211700,-46.963947296143,4.033075809479,-50.903774261475,1.959211349487
2.476166666667,-47.692661285400,4.795427322388,-49.895141601562,4.141164302826,-47.015552520752,4.060659408569,-50.870380401611,1.921824693680
2.476333333333,-47.615814208984,4.826413154602,-49.867858886719,4.133536338806,-47.084556579590,4.188218116760,-50.861206054688,1.922344565392
2.476500000000,-47.538749694824,4.821516990662,-49.823863983154,4.117323875427,-47.136837005615,4.218122482300,-50.847789764404,1.894396781921
2.476666666667,-47.466793060303,4.834733486176,-49.797275543213,4.078653812408,-47.182224273682,4.228816032410,-50.833816528320,1.881605505943
2.476833333333,-47.385013580322,4.790311336517,-49.786231994629,4.054536819458,-47.239566802979,4.177047729492,-50.835205078125,1.862105727196
2.477000000000,-47.319648742676,4.777671337128,-49.778350830078,4.094157695770,-47.272544860840,4.158513545990,-50.832084655762,1.854211091995
2.477166666667,-47.264099121094,4.705607414246,-49.771720886230,4.042647361755,-47.317623138428,4.077530384064,-50.845699310303,1.857593417168
2.477333333333,-47.208110809326,4.669960498810,-49.764045715332,4.100486755371,-47.350818634033,4.040925502777,-50.859325408936,1.840515732765
2.477500000000,-47.170040130615,4.668000698090,-49.777694702148,4.083530902863,-47.384704589844,3.980193853378,-50.870052337646,1.847220182419
2.477666666667,-47.140880584717,4.638400554657,-49.781982421875,4.085186481476,-47.411148071289,3.935266017914,-50.888008117676,1.824144959450
2.477833333333,-47.118270874023,4.606184959412,-49.802017211914,4.091673374176,-47.427986145020,3.880734920502,-50.929729461670,1.840440034866
2.478000000000,-47.099063873291,4.627616405487,-49.813499450684,4.091701030731,-47.446392059326,3.790416717529,-50.950458526611,1.849259734154
2.478166666667,-47.089550018311,4.656524181366,-49.847045898438,4.104570865631,-47.468242645264,3.789533138275,-50.996437072754,1.851528167725
2.478333333333,-47.077102661133,4.712707996368,-49.866935729980,4.144476890564,-47.483520507812,3.692443609238,-51.052658081055,1.892994523048
2.478500000000,-47.076698303223,4.749985694885,-49.888504028320,4.109486579895,-47.519641876221,3.722429513931,-51.116703033447,1.915308952332
2.478666666667,-47.077945709229,4.853878021240,-49.938735961914,4.153195381165,-47.559452056885,3.722025632858,-51.161346435547,1.972862124443
2.478833333333,-47.067470550537,4.972850799561,-49.962062835693,4.156355857849,-47.598491668701,3.667464494705,-51.191459655762,2.006477594376
2.479000000000,-47.067398071289,5.116705894470,-50.013629913330,4.208766460419,-47.640628814697,3.654272079468,-51.241851806641,2.039143562317
2.479166666667,-47.068271636963,5.265313625336,-50.043983459473,4.217457294464,-47.680747985840,3.618737697601,-51.284347534180,2.067002296448
2.479333333333,-47.063434600830,5.339991092682,-50.087360382080,4.178156375885,-47.727382659912,3.581341028214,-51.335327148438,2.105141162872
2.479500000000,-47.070053100586,5.344223976135,-50.124755859375,4.228701591492,-47.784889221191,3.538251399994,-51.386058807373,2.156056642532
2.479666666667,-47.089649200439,5.149765014648,-50.167636871338,4.185210704803,-47.831356048584,3.514229536057,-51.446102142334,2.184304952621
2.479833333333,-47.108989715576,5.027765274048,-50.223518371582,4.228966236115,-47.873905181885,3.471411705017,-51.488918304443,2.207609653473
2.480000000000,-47.160133361816,4.909802913666,-50.267841339111,4.248456001282,-47.917400360107,3.437127590179,-51.537387847900,2.278098344803
2.480166666667,-47.221015930176,4.849875450134,-50.300598144531,4.269742012024,-47.942214965820,3.401549100876,-51.601905822754,2.274942874908
2.480333333333,-47.288246154785,4.781650066376,-50.339176177979,4.313312053680,-47.973762512207,3.374652624130,-51.659645080566,2.298369884491
2.480500000000,-47.366573333740,4.757410049438,-50.389080047607,4.333759307861,-47.986438751221,3.342533826828,-51.735107421875,2.303851842880
2.480666666667,-47.459144592285,4.718543529510,-50.414226531982,4.386561393738,-47.989772796631,3.315474748611,-51.797824859619,2.325412273407
2.480833333333,-47.538990020752,4.697989940643,-50.441753387451,4.417533397675,-47.988395690918,3.306206941605,-51.853519439697,2.294390439987
2.481000000000,-47.613563537598,4.625393390656,-50.463882446289,4.455540657043,-47.982597351074,3.271934509277,-51.901916503906,2.256761312485
2.481166666667,-47.681831359863,4.601150035858,-50.496650695801,4.529840469360,-47.970092773438,3.283086299896,-51.956348419189,2.229054927826
2.481333333333,-47.739215850830,4.536940574646,-50.522651672363,4.566750049591,-47.954616546631,3.271375417709,-51.983936309814,2.209945917130
2.481500000000,-47.790832519531,4.473810195923,-50.536472320557,4.595599651337,-47.932281494141,3.249600648880,-52.009586334229,2.206101655960
2.481666666667,-47.827472686768,4.436976432800,-50.560733795166,4.639212608337,-47.907985687256,3.250296354294,-52.022766113281,2.189453601837
2.481833333333,-47.851818084717,4.403567314148,-50.552932739258,4.671767711639,-47.885505676270,3.252640008926,-52.037979125977,2.193718433380
2.482000000000,-47.871696472168,4.358397960663,-50.551399230957,4.680126190186,-47.856456756592,3.220800161362,-52.032058715820,2.212222099304
2.482166666667,-47.896408081055,4.338625907898,-50.558914184570,4.660649776459,-47.822883605957,3.218049764633,-52.016853332520,2.229082822800
2.482333333333,-47.922378540039,4.330126285553,-50.544952392578,4.681965827942,-47.777458190918,3.215141773224,-51.999794006348,2.241150617599
2.482500000000,-47.933471679688,4.307209014893,-50.540691375732,4.724616050720,-47.742439270020,3.195558547974,-51.953727722168,2.260820627213
2.482666666667,-47.957027435303,4.318365097046,-50.526950836182,4.697843074799,-47.695236206055,3.187127828598,-51.916141510010,2.237547874451
2.482833333333,-47.985450744629,4.327507972717,-50.500484466553,4.666543483734,-47.636764526367,3.165189266205,-51.881168365479,2.221153020859
2.483000000000,-48.017375946045,4.381617546082,-50.479152679443,4.646818637848,-47.573863983154,3.161048889160,-51.827949523926,2.197190284729
2.483166666667,-48.039558410645,4.373520851135,-50.451656341553,4.697038650513,-47.503490447998,3.147489786148,-51.763263702393,2.178627252579
2.483333333333,-48.059211730957,4.451437950134,-50.420497894287,4.694104671478,-47.428386688232,3.127807617188,-51.702049255371,2.176928043365
2.483500000000,-48.089256286621,4.468977451324,-50.406200408936,4.700691223145,-47.351394653320,3.095553159714,-51.618175506592,2.162112236023
2.483666666667,-48.115901947021,4.529857158661,-50.362102508545,4.655658245087,-47.248687744141,3.058446884155,-51.546657562256,2.169943332672
2.483833333333,-48.146686553955,4.479053974152,-50.329658508301,4.660164356232,-47.164127349854,3.038359880447,-51.461875915527,2.163813591003
2.484000000000,-48.174495697021,4.480567932129,-50.291343688965,4.528548717499,-47.057521820068,3.012664079666,-51.372287750244,2.150746107101
2.484166666667,-48.201015472412,4.455222129822,-50.244350433350,4.458695411682,-46.958084106445,2.991435766220,-51.282123565674,2.186135053635
2.484333333333,-48.228832244873,4.447454929352,-50.212875366211,4.429733753204,-46.865566253662,2.980203866959,-51.198143005371,2.203609228134
2.484500000000,-48.253837585449,4.434698104858,-50.181045532227,4.353735446930,-46.758205413818,2.958065271378,-51.096260070801,2.198904514313
2.484666666667,-48.284378051758,4.444808959961,-50.140121459961,4.306166648865,-46.665306091309,2.956165552139,-51.002006530762,2.186290740967
2.484833333333,-48.314144134521,4.413755416870,-50.097953796387,4.273327827454,-46.572376251221,2.956871986389,-50.893966674805,2.164404392242
2.485000000000,-48.341854095459,4.404775619507,-50.065448760986,4.220178127289,-46.491363525391,2.956589937210,-50.826816558838,2.144852399826
2.485166666667,-48.365997314453,4.428091049194,-50.034255981445,4.185201644897,-46.407230377197,2.952178955078,-50.740600585938,2.106492519379
2.485333333333,-48.370769500732,4.426216125488,-50.006168365479,4.206420898438,-46.330734252930,2.960533857346,-50.668811798096,2.081265687943
2.485500000000,-48.376728057861,4.496910095215,-49.955413818359,4.189803600311,-46.250751495361,2.965928316116,-50.594360351562,2.072880029678
2.485666666667,-48.378349304199,4.506031990051,-49.946392059326,4.198333263397,-46.196479797363,2.973496437073,-50.533458709717,2.073565721512
2.485833333333,-48.365001678467,4.525938034058,-49.897876739502,4.190592288971,-46.123256683350,2.984849452972,-50.472084045410,2.087263345718
2.486000000000,-48.351970672607,4.580326080322,-49.885654449463,4.261643886566,-46.066608428955,2.991257905960,-50.404739379883,2.089000940323
2.486166666667,-48.323020935059,4.609383583069,-49.850799560547,4.292256355286,-46.005630493164,3.002511262894,-50.351776123047,2.088679313660
2.486333333333,-48.301597595215,4.662525177002,-49.841720581055,4.355522632599,-45.946197509766,3.017551183701,-50.302925109863,2.114542961121
2.486500000000,-48.282325744629,4.678646087646,-49.815483093262,4.485633373260,-45.881629943848,3.021066904068,-50.249870300293,2.114029884338
2.486666666667,-48.248260498047,4.686539649963,-49.792102813721,4.565928936005,-45.829849243164,3.031265497208,-50.204750061035,2.157723903656
2.486833333333,-48.219188690186,4.690213680267,-49.787815093994,4.707070350647,-45.783500671387,3.044440746307,-50.148120880127,2.194118499756
2.487000000000,-48.193859100342,4.822079658508,-49.768337249756,4.652563571930,-45.734516143799,3.043294429779,-50.102172851562,2.214097261429
2.487166666667,-48.164070129395,5.030208587646,-49.758152008057,4.639970779419,-45.696762084961,3.061815738678,-50.046840667725,2.236332654953
2.487333333333,-48.121486663818,5.209999084473,-49.758552551270,4.465150356293,-45.657531738281,3.073617219925,-50.030044555664,2.268410444260
2.487500000000,-48.105854034424,5.312297821045,-49.752696990967,4.353858947754,-45.622222900391,3.069696187973,-49.999011993408,2.305860757828
2.487666666667,-48.083019256592,5.447800159454,-49.752731323242,4.350427627563,-45.604591369629,3.069345474243,-49.965026855469,2.302076101303
2.487833333333,-48.069580078125,5.285635471344,-49.753997802734,4.279980659485,-45.598121643066,3.087559461594,-49.965591430664,2.280866146088
2.488000000000,-48.053535461426,5.110605239868,-49.755222320557,4.341638088226,-45.597034454346,3.096936941147,-49.959396362305,2.277462244034
2.488166666667,-48.032924652100,4.963767051697,-49.763134002686,4.356216430664,-45.618789672852,3.134529590607,-49.956638336182,2.266284704208
2.488333333333,-48.045387268066,4.740584850311,-49.788455963135,4.460808277130,-45.653438568115,3.144325971603,-49.981647491455,2.259510040283
2.488500000000,-48.031047821045,4.642319202423,-49.798667907715,4.399778366089,-45.694770812988,3.131733179092,-49.984878540039,2.220767974854
2.488666666667,-48.038532257080,4.552732944489,-49.827770233154,4.487496852875,-45.754241943359,3.173269510269,-50.016078948975,2.225645542145
2.488833333333,-48.023105621338,4.423493385315,-49.849079132080,4.655889034271,-45.837974548340,3.194762706757,-50.035602569580,2.265682220459
2.489000000000,-48.046871185303,4.352780818939,-49.886867523193,4.641446590424,-45.930877685547,3.207979440689,-50.073051452637,2.308327913284
2.489166666667,-48.044094085693,4.289220333099,-49.935390472412,4.794594764709,-46.052131652832,3.220885038376,-50.122303009033,2.432471752167
2.489333333333,-48.040203094482,4.259271144867,-49.975395202637,4.779466629028,-46.163352966309,3.228212356567,-50.141139984131,2.569120645523
2.489500000000,-48.039295196533,4.220237255096,-50.015811920166,4.849081516266,-46.306247711182,3.269521236420,-50.186210632324,2.647251605988
2.489666666667,-48.032356262207,4.242010593414,-50.061962127686,4.670412063599,-46.447956085205,3.302601099014,-50.218875885010,2.533836126328
2.489833333333,-48.013725280762,4.246639728546,-50.119537353516,4.768748760223,-46.600929260254,3.330043554306,-50.252941131592,2.398627996445
2.490000000000,-48.008193969727,4.284599781036,-50.181350708008,4.663943290710,-46.753372192383,3.331440210342,-50.300296783447,2.300665616989
2.490166666667,-47.997528076172,4.306447029114,-50.226196289062,4.608747482300,-46.906070709229,3.356205224991,-50.330440521240,2.224528551102
2.490333333333,-47.985065460205,4.340119838715,-50.287269592285,4.643126487732,-47.050521850586,3.381778001785,-50.371818542480,2.153084278107
2.490500000000,-47.980209350586,4.365750312805,-50.342357635498,4.560196399689,-47.192077636719,3.424225330353,-50.408767700195,2.071121931076
2.490666666667,-47.976390838623,4.373589038849,-50.408058166504,4.703658580780,-47.334239959717,3.431502342224,-50.462970733643,2.020521879196
2.490833333333,-47.968883514404,4.416604042053,-50.470371246338,4.694223880768,-47.455783843994,3.394627571106,-50.499023437500,1.984790682793
2.491000000000,-47.969490051270,4.444862842560,-50.516223907471,4.677090167999,-47.567535400391,3.431618452072,-50.546035766602,1.971702337265
2.491166666667,-47.969703674316,4.433464527130,-50.585899353027,4.658160686493,-47.679359436035,3.444315910339,-50.595031738281,1.952467799187
2.491333333333,-47.969123840332,4.502611637115,-50.634086608887,4.651655673981,-47.764717102051,3.448646783829,-50.651416778564,1.967027068138
2.491500000000,-47.964954376221,4.568589687347,-50.700855255127,4.645736217499,-47.857654571533,3.443446397781,-50.690616607666,1.978472232819
2.491666666667,-47.949268341064,4.582434654236,-50.755237579346,4.664957523346,-47.921035766602,3.437025308609,-50.744319915771,2.037190437317
2.491833333333,-47.949108123779,4.654986381531,-50.778110504150,4.575054168701,-47.965869903564,3.483551979065,-50.776115417480,2.055978059769
2.492000000000,-47.939010620117,4.745733261108,-50.822883605957,4.567087173462,-48.014942169189,3.502312183380,-50.830322265625,2.125927448273
2.492166666667,-47.915428161621,4.802624225616,-50.870899200439,4.662792205811,-48.034118652344,3.496593713760,-50.869251251221,2.180510759354
2.492333333333,-47.885910034180,4.966899871826,-50.903434753418,4.675945281982,-48.056560516357,3.538939952850,-50.895771026611,2.254047632217
2.492500000000,-47.858642578125,5.193666458130,-50.934055328369,4.814521789551,-48.063766479492,3.561836719513,-50.939632415771,2.332691907883
2.492666666667,-47.823406219482,5.237325668335,-50.948722839355,4.853863239288,-48.048171997070,3.601035594940,-50.992523193359,2.420162677765
2.492833333333,-47.766941070557,5.234263896942,-50.962238311768,4.933788299561,-48.039947509766,3.651428222656,-51.026390075684,2.469064235687
2.493000000000,-47.706642150879,4.984955787659,-50.975730895996,4.835103034973,-48.017017364502,3.685937166214,-51.044311523438,2.507020235062
2.493166666667,-47.643234252930,4.881101131439,-50.966033935547,4.768472194672,-47.983543395996,3.740394592285,-51.055438995361,2.514007568359
2.493333333333,-47.566535949707,4.821959495544,-50.947277069092,4.800592422485,-47.948001861572,3.809053897858,-51.076862335205,2.499722242355
2.493500000000,-47.505764007568,4.799902439117,-50.926475524902,4.546197414398,-47.911949157715,3.873883724213,-51.067440032959,2.478030920029
2.493666666667,-47.420787811279,4.805848598480,-50.908916473389,4.500924110413,-47.868110656738,3.935888767242,-51.056842803955,2.439728498459
2.493833333333,-47.365009307861,4.830376625061,-50.871440887451,4.380250930786,-47.822010040283,3.985770940781,-51.056156158447,2.440798282623
2.494000000000,-47.306400299072,4.828114509583,-50.832977294922,4.345758438110,-47.774314880371,4.046360969543,-51.033088684082,2.405151367188
2.494166666667,-47.244113922119,4.865246772766,-50.787181854248,4.271034717560,-47.709751129150,4.071969509125,-51.014770507812,2.390411376953
2.494333333333,-47.190334320068,4.903205871582,-50.735370635986,4.253341674805,-47.645313262939,4.055708885193,-50.995300292969,2.379257440567
2.494500000000,-47.150806427002,4.930894374847,-50.664554595947,4.183520317078,-47.572952270508,4.096883296967,-50.971721649170,2.387794733047
2.494666666667,-47.114551544189,5.004709720612,-50.591529846191,4.152806282043,-47.492870330811,4.099882602692,-50.941238403320,2.385354280472
2.494833333333,-47.082717895508,5.069021701813,-50.530601501465,4.152375221252,-47.396034240723,4.085789680481,-50.894470214844,2.421941041946
2.495000000000,-47.050613403320,5.158309936523,-50.457645416260,4.135051250458,-47.305416107178,4.091118812561,-50.867198944092,2.433092117310
2.495166666667,-47.012329101562,5.298640727997,-50.374950408936,4.125779151917,-47.198093414307,4.123685359955,-50.809486389160,2.506094455719
2.495333333333,-46.986675262451,5.505390644073,-50.291580200195,4.084372997284,-47.081420898438,4.167217254639,-50.742607116699,2.639500617981
2.495500000000,-46.945606231689,5.617140293121,-50.218959808350,4.090529441833,-46.976707458496,4.224853515625,-50.670154571533,2.904740333557
2.495666666667,-46.915157318115,5.552372455597,-50.125190734863,4.055873870850,-46.865798950195,4.250782012939,-50.587402343750,2.824718236923
2.495833333333,-46.874683380127,5.239188194275,-50.065689086914,4.062959194183,-46.759021759033,4.370582580566,-50.503078460693,2.582693576813
2.496000000000,-46.835922241211,5.102025032043,-49.991252899170,4.059732913971,-46.649692535400,4.430253982544,-50.398151397705,2.459575414658
2.496166666667,-46.791454315186,4.983316421509,-49.907600402832,4.069756031036,-46.550262451172,4.561734199524,-50.306121826172,2.397687673569
2.496333333333,-46.752792358398,4.868842601776,-49.849739074707,4.086024284363,-46.454738616943,4.630792617798,-50.201549530029,2.369906902313
2.496500000000,-46.714195251465,4.765074729919,-49.764144897461,4.076649665833,-46.365543365479,4.775179862976,-50.089763641357,2.354060888290
2.496666666667,-46.672859191895,4.687324523926,-49.724674224854,4.098196983337,-46.281726837158,4.887681961060,-49.987136840820,2.352453947067
2.496833333333,-46.650096893311,4.620062351227,-49.660499572754,4.119226932526,-46.213008880615,5.132983207703,-49.872898101807,2.346779823303
2.497000000000,-46.620101928711,4.563946247101,-49.612644195557,4.071179866791,-46.143478393555,5.402679443359,-49.773532867432,2.337525844574
2.497166666667,-46.607894897461,4.562289714813,-49.575294494629,4.137928009033,-46.082229614258,5.603146553040,-49.677265167236,2.329087495804
2.497333333333,-46.607543945312,4.539838314056,-49.522960662842,4.128149032593,-46.013111114502,5.598012447357,-49.574733734131,2.285108089447
2.497500000000,-46.619342803955,4.564086437225,-49.487613677979,4.126608848572,-45.955097198486,5.387388706207,-49.502086639404,2.272881031036
2.497666666667,-46.643722534180,4.585978984833,-49.448852539062,4.182400226593,-45.898483276367,5.092812061310,-49.414146423340,2.223365306854
2.497833333333,-46.658161163330,4.639306068420,-49.436691284180,4.165928363800,-45.846687316895,4.910311222076,-49.337917327881,2.166226625443
2.498000000000,-46.696903228760,4.659619331360,-49.408813476562,4.164027214050,-45.804992675781,4.783601284027,-49.294597625732,2.136797428131
2.498166666667,-46.725696563721,4.734902858734,-49.394348144531,4.206836223602,-45.764270782471,4.684659004211,-49.245750427246,2.123100519180
2.498333333333,-46.766445159912,4.764488697052,-49.370773315430,4.172490119934,-45.736034393311,4.582957744598,-49.214302062988,2.145056724548
2.498500000000,-46.798377990723,4.799096107483,-49.358489990234,4.218306541443,-45.722351074219,4.517561912537,-49.179397583008,2.138897180557
2.498666666667,-46.833583831787,4.789900779724,-49.361865997314,4.224015235901,-45.723358154297,4.464453220367,-49.161163330078,2.171421527863
2.498833333333,-46.857315063477,4.800499439240,-49.340610504150,4.240545749664,-45.729835510254,4.395398139954,-49.154151916504,2.183219909668
2.499000000000,-46.890586853027,4.817358493805,-49.349658966064,4.271757125854,-45.759544372559,4.325383663177,-49.144447326660,2.149719715118
2.499166666667,-46.914855957031,4.830224037170,-49.355506896973,4.279586791992,-45.792106628418,4.316741943359,-49.159183502197,2.108743906021
2.499333333333,-46.942031860352,4.826460361481,-49.365360260010,4.280801296234,-45.841094970703,4.301827430725,-49.176753997803,2.055586576462
2.499500000000,-46.972602844238,4.799816608429,-49.375453948975,4.334051609039,-45.899429321289,4.263224124908,-49.178291320801,2.021593570709
2.499666666667,-46.994308471680,4.824490547180,-49.386924743652,4.285061359406,-45.968521118164,4.234011173248,-49.207717895508,2.009204626083
2.499833333333,-47.039970397949,4.845915317535,-49.397960662842,4.304316997528,-46.034149169922,4.123908996582,-49.225978851318,2.004061222076
2.500000000000,-47.083057403564,4.912744998932,-49.421165466309,4.345021724701,-46.106258392334,4.061896324158,-49.248184204102,1.992178559303
