atraso_us,magnitude_normalizada_db_classe_0,magnitude_normalizada_db_classe_1,magnitude_normalizada_db_classe_2,magnitude_normalizada_db_classe_3
0.000000000000,-17.801895141602,-15.451453208923,-18.205228805542,-17.078861236572
0.009983361065,-13.749101638794,-11.364665985107,-14.259119987488,-12.975057601929
0.019966722130,-5.393774032593,-2.603761196136,-6.024276733398,-4.260618209839
0.029950083195,0.000000000000,0.000000000000,0.000000000000,0.000000000000
0.039933444260,-9.757370948792,-6.081506252289,-7.855958938599,-8.893602371216
0.049916805324,-14.536416053772,-5.337627410889,-11.384778976440,-14.885403633118
0.059900166389,-19.041879653931,-11.699420928955,-13.694896697998,-19.587144851685
0.069883527454,-19.815538406372,-15.718995094299,-16.522008895874,-18.787117004395
0.079866888519,-19.721765518188,-18.327669143677,-19.376560211182,-15.375360488892
0.089850249584,-10.597942352295,-19.460830688477,-19.310459136963,-16.873273849487
0.099833610649,-21.957353591919,-17.751489639282,-15.759197235107,-17.774158477783
0.109816971714,-24.233997344971,-21.021598815918,-20.209224700928,-18.773729324341
0.119800332779,-18.761083602905,-16.818622589111,-15.722583770752,-15.528417587280
0.129783693844,-23.076747894287,-24.339010238647,-24.130853652954,-17.961677551270
0.139767054908,-27.806554794312,-24.553895950317,-24.600324630737,-21.936916351318
0.149750415973,-29.993656158447,-27.515333175659,-25.366081237793,-23.126470565796
0.159733777038,-31.062490463257,-27.944719314575,-28.080945968628,-25.627700805664
0.169717138103,-32.115348815918,-29.298706054688,-30.275110244751,-24.152425765991
0.179700499168,-29.145236968994,-29.748022079468,-31.255167007446,-24.862493515015
0.189683860233,-28.318151473999,-30.069683074951,-29.637714385986,-24.846036911011
0.199667221298,-33.482788085938,-30.460412979126,-29.777753829956,-27.136659622192
0.209650582363,-33.776695251465,-31.967927932739,-31.252622604370,-28.365602493286
0.219633943428,-27.403446197510,-32.230716705322,-34.296546936035,-28.340484619141
0.229617304493,-29.742771148682,-32.846660614014,-32.997669219971,-28.216794967651
0.239600665557,-34.446388244629,-33.302112579346,-32.097763061523,-29.273880004883
0.249584026622,-35.438774108887,-33.627944946289,-35.895519256592,-31.290361404419
0.259567387687,-36.212482452393,-34.126110076904,-36.273548126221,-31.252471923828
0.269550748752,-35.852119445801,-33.651744842529,-35.147930145264,-32.397712707520
0.279534109817,-31.214193344116,-34.228630065918,-36.569267272949,-32.188053131104
0.289517470882,-33.164031982422,-34.869079589844,-36.403663635254,-33.498558044434
0.299500831947,-35.800315856934,-35.197624206543,-37.019802093506,-33.878051757812
0.309484193012,-36.901233673096,-35.457527160645,-35.840423583984,-35.263271331787
0.319467554077,-38.273300170898,-35.716976165771,-37.854167938232,-35.295104980469
0.329450915141,-35.694774627686,-36.084354400635,-38.419528961182,-36.356464385986
0.339434276206,-37.977165222168,-36.337253570557,-38.496852874756,-36.324440002441
0.349417637271,-38.528553009033,-36.703884124756,-38.820598602295,-37.612129211426
0.359400998336,-38.990695953369,-36.889350891113,-39.214668273926,-36.519207000732
0.369384359401,-39.221961975098,-37.254688262939,-38.773494720459,-37.497962951660
0.379367720466,-38.735862731934,-37.600864410400,-39.387828826904,-37.547981262207
0.389351081531,-36.532646179199,-37.709663391113,-39.230834960938,-38.583908081055
0.399334442596,-39.713783264160,-37.973701477051,-39.577053070068,-39.095481872559
0.409317803661,-39.994613647461,-38.227523803711,-40.364555358887,-39.402858734131
0.419301164725,-39.926532745361,-38.339046478271,-40.890792846680,-39.552070617676
0.429284525790,-40.460132598877,-38.690319061279,-40.590118408203,-39.352825164795
0.439267886855,-41.242389678955,-38.753101348877,-41.073333740234,-39.782703399658
0.449251247920,-41.231575012207,-38.999633789062,-41.804386138916,-39.885650634766
0.459234608985,-41.449287414551,-39.268321990967,-41.528362274170,-40.443546295166
0.469217970050,-41.691719055176,-39.369102478027,-41.631355285645,-40.517074584961
0.479201331115,-41.279975891113,-39.540538787842,-41.966522216797,-40.687969207764
0.489184692180,-42.103504180908,-39.791984558105,-42.060661315918,-41.053989410400
0.499168053245,-42.379196166992,-39.983211517334,-42.107498168945,-41.415985107422
0.509151414309,-42.527362823486,-40.060482025146,-42.322010040283,-41.409496307373
0.519134775374,-42.324951171875,-40.269020080566,-42.244686126709,-41.741401672363
0.529118136439,-42.480335235596,-40.439323425293,-42.736503601074,-41.608409881592
0.539101497504,-42.763225555420,-40.616004943848,-42.932281494141,-41.906730651855
0.549084858569,-43.083797454834,-40.795749664307,-42.985893249512,-42.134990692139
0.559068219634,-43.261692047119,-40.972179412842,-43.120346069336,-41.956295013428
0.569051580699,-43.388328552246,-41.075542449951,-43.437278747559,-42.637409210205
0.579034941764,-43.279190063477,-41.282527923584,-43.556888580322,-42.370513916016
0.589018302829,-43.797683715820,-41.388435363770,-43.638725280762,-42.713520050049
0.599001663894,-43.795986175537,-41.600219726562,-43.793666839600,-42.749164581299
0.608985024958,-43.934165954590,-41.688667297363,-43.904285430908,-43.192195892334
0.618968386023,-44.173664093018,-41.726409912109,-44.049072265625,-43.169555664062
0.628951747088,-44.288722991943,-41.939098358154,-44.177017211914,-43.339374542236
0.638935108153,-44.377670288086,-42.112277984619,-44.329410552979,-43.503047943115
0.648918469218,-44.480400085449,-42.202987670898,-44.353900909424,-43.533199310303
0.658901830283,-44.691303253174,-42.242195129395,-44.590164184570,-43.690795898438
0.668885191348,-44.791015625000,-42.463722229004,-44.697673797607,-43.704216003418
0.678868552413,-44.807720184326,-42.575115203857,-44.805240631104,-43.812961578369
0.688851913478,-45.058818817139,-42.712097167969,-44.943271636963,-43.955829620361
0.698835274542,-45.140861511230,-42.806735992432,-45.005111694336,-44.164878845215
0.708818635607,-45.217494964600,-42.969997406006,-45.226516723633,-44.245567321777
0.718801996672,-45.420661926270,-43.069164276123,-45.365428924561,-44.391025543213
0.728785357737,-45.475727081299,-43.132625579834,-45.377563476562,-44.621040344238
0.738768718802,-45.612678527832,-43.249473571777,-45.515361785889,-44.707950592041
0.748752079867,-45.718208312988,-43.373878479004,-45.577114105225,-44.649921417236
0.758735440932,-45.807231903076,-43.540130615234,-45.838920593262,-44.705829620361
0.768718801997,-45.908283233643,-43.575649261475,-45.784023284912,-44.951122283936
0.778702163062,-46.056423187256,-43.656906127930,-45.873668670654,-45.115512847900
0.788685524126,-46.090671539307,-43.750423431396,-46.090732574463,-45.132247924805
0.798668885191,-46.254459381104,-43.881526947021,-46.150997161865,-45.131736755371
0.808652246256,-46.356891632080,-43.969512939453,-46.262123107910,-45.402168273926
0.818635607321,-46.390995025635,-44.067859649658,-46.411590576172,-45.338294982910
0.828618968386,-46.442268371582,-44.199996948242,-46.503376007080,-45.474174499512
0.838602329451,-46.484062194824,-44.327693939209,-46.527309417725,-45.508987426758
0.848585690516,-46.683879852295,-44.296611785889,-46.665588378906,-45.621124267578
0.858569051581,-46.774017333984,-44.442947387695,-46.711776733398,-45.828071594238
0.868552412646,-46.847229003906,-44.436321258545,-46.868431091309,-45.885959625244
0.878535773710,-46.979602813721,-44.599987030029,-46.960613250732,-46.002281188965
0.888519134775,-47.182899475098,-44.666957855225,-47.058933258057,-45.964965820312
0.898502495840,-47.172412872314,-44.843784332275,-47.107967376709,-46.049835205078
0.908485856905,-47.194339752197,-44.772296905518,-47.194705963135,-46.258457183838
0.918469217970,-47.236164093018,-44.861354827881,-47.337238311768,-46.159511566162
0.928452579035,-47.291896820068,-44.989559173584,-47.445285797119,-46.445438385010
0.938435940100,-47.464031219482,-45.101329803467,-47.440170288086,-46.319282531738
0.948419301165,-47.521095275879,-45.296092987061,-47.631477355957,-46.385238647461
0.958402662230,-47.707523345947,-45.301952362061,-47.547439575195,-46.532394409180
0.968386023295,-47.679817199707,-45.382823944092,-47.664096832275,-46.688289642334
0.978369384359,-47.901817321777,-45.366832733154,-47.807170867920,-46.603340148926
0.988352745424,-47.807365417480,-45.533573150635,-47.883033752441,-46.736232757568
0.998336106489,-47.863155364990,-45.540855407715,-47.894554138184,-46.836860656738
1.008319467554,-48.031261444092,-45.674732208252,-47.994968414307,-46.983798980713
1.018302828619,-48.094421386719,-45.723926544189,-48.090270996094,-47.100444793701
1.028286189684,-48.029445648193,-45.870582580566,-48.168849945068,-46.989658355713
1.038269550749,-48.180343627930,-45.859569549561,-48.211093902588,-47.158714294434
1.048252911814,-48.276592254639,-45.929851531982,-48.280548095703,-47.264717102051
1.058236272879,-48.247047424316,-46.035846710205,-48.409221649170,-47.200454711914
1.068219633943,-48.285751342773,-46.049690246582,-48.332420349121,-47.154766082764
1.078202995008,-48.435138702393,-46.106597900391,-48.422824859619,-47.471363067627
1.088186356073,-48.600051879883,-46.128807067871,-48.375816345215,-47.433383941650
1.098169717138,-48.427070617676,-46.312259674072,-48.600406646729,-47.319019317627
1.108153078203,-48.680614471436,-46.388942718506,-48.705284118652,-47.609626770020
1.118136439268,-48.746067047119,-46.385375976562,-48.785171508789,-47.591739654541
1.128119800333,-48.746669769287,-46.479309082031,-48.866043090820,-47.607093811035
1.138103161398,-48.833560943604,-46.615367889404,-48.872142791748,-47.765285491943
1.148086522463,-48.906089782715,-46.551689147949,-48.887802124023,-47.835445404053
1.158069883527,-49.065052032471,-46.573150634766,-48.930038452148,-47.861881256104
1.168053244592,-49.002239227295,-46.750774383545,-48.957534790039,-47.845497131348
1.178036605657,-49.030132293701,-46.795127868652,-48.976905822754,-47.824954986572
1.188019966722,-49.088684082031,-46.769828796387,-49.200088500977,-47.982681274414
1.198003327787,-49.167007446289,-46.714874267578,-49.180656433105,-48.135456085205
1.207986688852,-49.084957122803,-46.952880859375,-49.251682281494,-48.136066436768
1.217970049917,-49.291564941406,-46.940608978271,-49.298274993896,-48.194091796875
1.227953410982,-49.316371917725,-46.912773132324,-49.282558441162,-48.195426940918
1.237936772047,-49.377521514893,-47.085376739502,-49.445926666260,-48.345687866211
1.247920133111,-49.381252288818,-47.247470855713,-49.415992736816,-48.350013732910
1.257903494176,-49.502849578857,-47.130199432373,-49.623149871826,-48.416877746582
1.267886855241,-49.576236724854,-47.158157348633,-49.682292938232,-48.542888641357
1.277870216306,-49.562400817871,-47.256168365479,-49.545764923096,-48.487331390381
1.287853577371,-49.690841674805,-47.404884338379,-49.676345825195,-48.364311218262
1.297836938436,-49.704887390137,-47.236057281494,-49.629676818848,-48.529167175293
1.307820299501,-49.728694915771,-47.417221069336,-49.726882934570,-48.604854583740
1.317803660566,-49.841220855713,-47.490524291992,-49.810501098633,-48.679573059082
1.327787021631,-49.911018371582,-47.455707550049,-49.823089599609,-48.586441040039
1.337770382696,-49.949893951416,-47.602043151855,-49.914875030518,-48.707069396973
1.347753743760,-49.967224121094,-47.631443023682,-50.026451110840,-48.606006622314
1.357737104825,-49.908588409424,-47.741165161133,-49.951602935791,-48.714080810547
1.367720465890,-49.986251831055,-47.717739105225,-50.101943969727,-48.898761749268
1.377703826955,-50.074062347412,-47.680393218994,-50.072452545166,-48.979537963867
1.387687188020,-50.069591522217,-47.680633544922,-50.064437866211,-48.821575164795
1.397670549085,-50.233066558838,-47.689876556396,-50.167472839355,-49.003055572510
1.407653910150,-50.289714813232,-47.822631835938,-50.163829803467,-49.024509429932
1.417637271215,-50.126609802246,-48.098953247070,-50.398315429688,-49.116939544678
1.427620632280,-50.304241180420,-48.054275512695,-50.282466888428,-49.134517669678
1.437603993344,-50.428260803223,-48.172710418701,-50.298389434814,-49.164093017578
1.447587354409,-50.219001770020,-48.013793945312,-50.499439239502,-49.202850341797
1.457570715474,-50.399955749512,-48.020427703857,-50.347011566162,-49.199943542480
1.467554076539,-50.243343353271,-48.149211883545,-50.466907501221,-49.198207855225
1.477537437604,-50.337314605713,-48.142219543457,-50.592117309570,-49.239711761475
1.487520798669,-50.387508392334,-48.189270019531,-50.624305725098,-49.196414947510
1.497504159734,-50.318130493164,-48.361293792725,-50.587448120117,-49.267646789551
1.507487520799,-50.653911590576,-48.271293640137,-50.651363372803,-49.431076049805
1.517470881864,-50.701503753662,-48.253185272217,-50.636898040771,-49.360107421875
1.527454242928,-50.694938659668,-48.274524688721,-50.778507232666,-49.369415283203
1.537437603993,-50.878189086914,-48.506645202637,-50.827068328857,-49.470417022705
1.547420965058,-50.727054595947,-48.424510955811,-50.727622985840,-49.413520812988
1.557404326123,-50.819911956787,-48.525398254395,-50.927890777588,-49.628574371338
1.567387687188,-50.944576263428,-48.300220489502,-50.860641479492,-49.558113098145
1.577371048253,-50.950923919678,-48.352237701416,-51.000095367432,-49.522743225098
1.587354409318,-50.882068634033,-48.673622131348,-50.973030090332,-49.548805236816
1.597337770383,-50.958431243896,-48.656387329102,-51.071430206299,-49.684722900391
1.607321131448,-50.953289031982,-48.675678253174,-50.886753082275,-49.796123504639
1.617304492512,-51.041366577148,-48.596477508545,-51.141601562500,-49.908145904541
1.627287853577,-51.123550415039,-48.692573547363,-51.150398254395,-49.721069335938
1.637271214642,-51.115207672119,-48.653491973877,-51.211574554443,-49.759075164795
1.647254575707,-51.219242095947,-48.827777862549,-51.073654174805,-49.898830413818
1.657237936772,-51.244564056396,-48.903419494629,-51.186042785645,-49.890392303467
1.667221297837,-51.204315185547,-48.875667572021,-51.384620666504,-50.096771240234
1.677204658902,-51.308399200439,-48.920127868652,-51.403755187988,-49.999870300293
1.687188019967,-51.271926879883,-48.697212219238,-51.274715423584,-50.133457183838
1.697171381032,-51.171142578125,-48.884063720703,-51.340553283691,-49.907737731934
1.707154742097,-51.298881530762,-49.069095611572,-51.554222106934,-50.133861541748
1.717138103161,-51.323944091797,-48.918323516846,-51.403430938721,-50.002227783203
1.727121464226,-51.327163696289,-49.157470703125,-51.656986236572,-50.189315795898
1.737104825291,-51.310081481934,-49.071792602539,-51.535797119141,-50.162384033203
1.747088186356,-51.315429687500,-48.907592773438,-51.462299346924,-50.096576690674
1.757071547421,-51.445903778076,-49.133388519287,-51.452457427979,-49.950286865234
1.767054908486,-51.522388458252,-49.140949249268,-51.519271850586,-50.189434051514
1.777038269551,-51.411861419678,-49.090518951416,-51.569286346436,-50.274700164795
1.787021630616,-51.531993865967,-49.188686370850,-51.608577728271,-50.200813293457
1.797004991681,-51.474552154541,-49.153892517090,-51.519245147705,-50.224235534668
1.806988352745,-51.659324645996,-49.370426177979,-51.555370330811,-50.270484924316
1.816971713810,-51.531929016113,-49.271137237549,-51.711849212646,-50.153533935547
1.826955074875,-51.667617797852,-49.267917633057,-51.604621887207,-50.279560089111
1.836938435940,-51.696887969971,-49.328823089600,-51.801872253418,-50.457511901855
1.846921797005,-51.839466094971,-49.495281219482,-51.868114471436,-50.467147827148
1.856905158070,-51.736457824707,-49.289005279541,-51.767139434814,-50.342472076416
1.866888519135,-51.702339172363,-49.538631439209,-51.748809814453,-50.250728607178
1.876871880200,-51.737522125244,-49.284816741943,-51.852371215820,-50.250724792480
1.886855241265,-51.833301544189,-49.236988067627,-51.806896209717,-50.424182891846
1.896838602329,-51.780036926270,-49.343017578125,-51.935016632080,-50.325893402100
1.906821963394,-51.780689239502,-49.475601196289,-51.969963073730,-50.296638488770
1.916805324459,-51.753547668457,-49.546302795410,-51.849212646484,-50.363761901855
1.926788685524,-51.791122436523,-49.509590148926,-52.049381256104,-50.329849243164
1.936772046589,-51.766845703125,-49.494812011719,-52.035121917725,-50.676284790039
1.946755407654,-51.853088378906,-49.469238281250,-51.903171539307,-50.507194519043
1.956738768719,-51.893795013428,-49.399433135986,-51.987693786621,-50.554679870605
1.966722129784,-51.833408355713,-49.424999237061,-51.829261779785,-50.600734710693
1.976705490849,-51.811828613281,-49.466987609863,-51.955387115479,-50.619686126709
1.986688851913,-51.813762664795,-49.683589935303,-52.039688110352,-50.322284698486
1.996672212978,-51.914428710938,-49.475994110107,-51.979328155518,-50.448665618896
2.006655574043,-51.835975646973,-49.519248962402,-52.119110107422,-50.591621398926
2.016638935108,-52.013538360596,-49.673297882080,-52.128841400146,-50.504173278809
2.026622296173,-51.944206237793,-49.728771209717,-52.085494995117,-50.705028533936
2.036605657238,-52.139968872070,-49.560665130615,-52.205562591553,-50.636062622070
2.046589018303,-52.222080230713,-49.510379791260,-52.195575714111,-50.714233398438
2.056572379368,-52.123233795166,-49.634765625000,-52.317577362061,-50.658531188965
2.066555740433,-52.156490325928,-49.553146362305,-52.296432495117,-50.752906799316
2.076539101498,-52.160480499268,-49.961605072021,-52.332881927490,-50.588626861572
2.086522462562,-52.064121246338,-49.735370635986,-52.282691955566,-50.557300567627
2.096505823627,-52.170448303223,-49.858768463135,-52.259731292725,-50.831150054932
2.106489184692,-52.169532775879,-49.792259216309,-52.310756683350,-50.645721435547
2.116472545757,-52.200321197510,-49.774333953857,-52.478260040283,-50.649837493896
2.126455906822,-52.084915161133,-49.806610107422,-52.332649230957,-50.726467132568
2.136439267887,-52.292514801025,-49.919109344482,-52.545845031738,-50.822330474854
2.146422628952,-52.259872436523,-49.966075897217,-52.423206329346,-50.923721313477
2.156405990017,-52.320426940918,-49.961738586426,-52.462566375732,-50.860076904297
2.166389351082,-52.196685791016,-50.040855407715,-52.352783203125,-50.794826507568
2.176372712146,-52.407814025879,-49.857105255127,-52.448631286621,-50.742702484131
2.186356073211,-52.362155914307,-49.788002014160,-52.486278533936,-50.998775482178
2.196339434276,-52.428253173828,-49.934646606445,-52.313709259033,-51.033973693848
2.206322795341,-52.458873748779,-50.037258148193,-52.450099945068,-50.788497924805
2.216306156406,-52.449253082275,-49.995780944824,-52.540752410889,-50.713439941406
2.226289517471,-52.370151519775,-49.932201385498,-52.508308410645,-50.913265228271
2.236272878536,-52.518142700195,-50.206691741943,-52.618278503418,-50.848510742188
2.246256239601,-52.321960449219,-49.875720977783,-52.400508880615,-50.834533691406
2.256239600666,-52.418617248535,-49.761226654053,-52.481834411621,-50.718128204346
2.266222961730,-52.411319732666,-50.200279235840,-52.683467864990,-50.906013488770
2.276206322795,-52.540069580078,-50.108329772949,-52.699264526367,-51.004142761230
2.286189683860,-52.437583923340,-50.198684692383,-52.541671752930,-51.259716033936
2.296173044925,-52.459918975830,-49.971687316895,-52.526287078857,-50.979423522949
2.306156405990,-52.543777465820,-50.014415740967,-52.579875946045,-50.925598144531
2.316139767055,-52.438030242920,-50.260185241699,-52.732913970947,-51.213260650635
2.326123128120,-52.484745025635,-50.187538146973,-52.716094970703,-51.045783996582
2.336106489185,-52.632961273193,-50.135875701904,-52.645759582520,-50.962669372559
2.346089850250,-52.545646667480,-49.991798400879,-52.657726287842,-50.979675292969
2.356073211314,-52.526077270508,-50.094421386719,-52.812557220459,-51.150653839111
2.366056572379,-52.515327453613,-50.087390899658,-52.597167968750,-50.869873046875
2.376039933444,-52.555942535400,-50.019111633301,-52.731426239014,-51.070335388184
2.386023294509,-52.534877777100,-50.099784851074,-52.718952178955,-50.692089080811
2.396006655574,-52.610218048096,-50.059188842773,-52.657962799072,-51.078353881836
2.405990016639,-52.660556793213,-50.206195831299,-52.885665893555,-51.282718658447
2.415973377704,-52.692871093750,-50.254379272461,-52.625778198242,-51.125003814697
2.425956738769,-52.704257965088,-50.155223846436,-52.780002593994,-51.121883392334
2.435940099834,-52.698848724365,-50.173000335693,-52.831794738770,-51.063518524170
2.445923460899,-52.687355041504,-50.171844482422,-52.801624298096,-51.194503784180
2.455906821963,-52.657070159912,-50.366207122803,-52.804546356201,-51.200489044189
2.465890183028,-52.691333770752,-50.110370635986,-52.752651214600,-51.131641387939
2.475873544093,-52.869388580322,-50.242454528809,-52.882442474365,-51.248661041260
2.485856905158,-52.808456420898,-50.207649230957,-52.868728637695,-51.288928985596
2.495840266223,-52.753921508789,-50.368164062500,-52.916812896729,-51.124958038330
2.505823627288,-52.781299591064,-50.347770690918,-52.806812286377,-51.378593444824
2.515806988353,-52.786254882812,-50.365745544434,-52.827686309814,-51.141925811768
2.525790349418,-52.659175872803,-50.346508026123,-52.956378936768,-50.935176849365
2.535773710483,-52.584106445312,-50.396656036377,-52.838977813721,-51.238063812256
2.545757071547,-52.624988555908,-50.232524871826,-52.833099365234,-51.208713531494
2.555740432612,-52.848861694336,-50.232624053955,-52.849472045898,-51.113487243652
2.565723793677,-52.834472656250,-50.189685821533,-53.040489196777,-51.157951354980
2.575707154742,-52.739765167236,-50.216030120850,-52.982501983643,-51.387905120850
2.585690515807,-52.676822662354,-50.269260406494,-52.867668151855,-51.401218414307
2.595673876872,-52.832931518555,-50.328853607178,-52.953880310059,-51.067371368408
2.605657237937,-52.708549499512,-50.343997955322,-52.980876922607,-51.244071960449
2.615640599002,-52.799243927002,-50.304908752441,-53.094306945801,-51.314785003662
2.625623960067,-52.819080352783,-50.372066497803,-52.991600036621,-51.146442413330
2.635607321131,-52.767028808594,-50.189582824707,-52.988830566406,-51.228031158447
2.645590682196,-52.822254180908,-50.393329620361,-53.180080413818,-51.355098724365
2.655574043261,-52.765293121338,-50.375480651855,-52.926803588867,-51.286396026611
2.665557404326,-52.736602783203,-50.243335723877,-53.076755523682,-51.238918304443
2.675540765391,-52.908298492432,-50.438816070557,-52.975475311279,-51.545658111572
2.685524126456,-52.946922302246,-50.361331939697,-53.039394378662,-51.286903381348
2.695507487521,-52.859825134277,-50.368572235107,-53.024681091309,-51.291324615479
2.705490848586,-52.878185272217,-50.360206604004,-53.046977996826,-51.275009155273
2.715474209651,-52.814445495605,-50.298046112061,-52.920639038086,-51.264358520508
2.725457570715,-52.772792816162,-50.583141326904,-52.901603698730,-51.440635681152
2.735440931780,-52.939445495605,-50.561969757080,-53.124702453613,-51.268379211426
2.745424292845,-52.841339111328,-50.519302368164,-53.101154327393,-51.345966339111
2.755407653910,-52.902194976807,-50.544319152832,-52.981594085693,-51.372253417969
2.765391014975,-52.983062744141,-50.289672851562,-53.075176239014,-51.444404602051
2.775374376040,-53.044517517090,-50.399593353271,-52.905254364014,-51.214168548584
2.785357737105,-52.914897918701,-50.599761962891,-53.016841888428,-51.473144531250
2.795341098170,-53.099754333496,-50.433612823486,-53.162170410156,-51.280784606934
2.805324459235,-52.874599456787,-50.602394104004,-52.926239013672,-51.327209472656
2.815307820300,-52.757900238037,-50.513874053955,-53.115245819092,-51.550731658936
2.825291181364,-52.939086914062,-50.475284576416,-53.267524719238,-51.239192962646
2.835274542429,-52.926395416260,-50.526008605957,-53.202465057373,-51.579265594482
2.845257903494,-53.019786834717,-50.581653594971,-52.889713287354,-51.283061981201
2.855241264559,-52.875762939453,-50.558242797852,-52.986221313477,-51.284690856934
2.865224625624,-52.901641845703,-50.279621124268,-53.192813873291,-51.488010406494
2.875207986689,-52.866771697998,-50.578075408936,-53.197906494141,-51.268634796143
2.885191347754,-52.899013519287,-50.749881744385,-53.092899322510,-51.449741363525
2.895174708819,-52.892566680908,-50.337287902832,-52.918678283691,-51.295310974121
2.905158069884,-52.843826293945,-50.629817962646,-53.113876342773,-51.523113250732
2.915141430948,-52.881294250488,-50.458774566650,-53.164173126221,-51.406581878662
2.925124792013,-52.891559600830,-50.415271759033,-53.150203704834,-51.302562713623
2.935108153078,-53.113616943359,-50.345767974854,-53.111808776855,-51.418254852295
2.945091514143,-52.861015319824,-50.681404113770,-53.341407775879,-51.444076538086
2.955074875208,-52.864356994629,-50.399162292480,-53.183574676514,-51.506435394287
2.965058236273,-52.951168060303,-50.345729827881,-53.262676239014,-51.385963439941
2.975041597338,-53.048088073730,-50.414451599121,-53.198455810547,-51.247623443604
2.985024958403,-53.015251159668,-50.509235382080,-53.276222229004,-51.417560577393
2.995008319468,-52.768775939941,-50.425762176514,-53.122974395752,-51.171062469482
3.004991680532,-53.025051116943,-50.802268981934,-53.119113922119,-51.379356384277
3.014975041597,-52.828052520752,-50.429378509521,-53.088077545166,-51.378932952881
3.024958402662,-53.098957061768,-50.564266204834,-53.253360748291,-51.373908996582
3.034941763727,-52.983196258545,-50.453617095947,-53.093570709229,-51.461185455322
3.044925124792,-53.030765533447,-50.420734405518,-53.154945373535,-51.372352600098
3.054908485857,-52.805175781250,-50.291084289551,-53.057628631592,-51.579326629639
3.064891846922,-52.933471679688,-50.611274719238,-53.126857757568,-51.380146026611
3.074875207987,-52.832527160645,-50.567169189453,-53.067543029785,-51.457801818848
3.084858569052,-52.686714172363,-50.586170196533,-53.166534423828,-51.371501922607
3.094841930116,-52.905815124512,-50.559959411621,-53.046009063721,-51.381259918213
3.104825291181,-52.944511413574,-50.608993530273,-53.123733520508,-51.468528747559
3.114808652246,-52.835571289062,-50.468502044678,-53.191165924072,-51.534454345703
3.124792013311,-52.852565765381,-50.338699340820,-53.161605834961,-51.455963134766
3.134775374376,-53.173126220703,-50.435009002686,-53.065814971924,-51.393623352051
3.144758735441,-52.841106414795,-50.564189910889,-53.171531677246,-51.384845733643
3.154742096506,-52.914440155029,-50.471221923828,-53.132740020752,-51.280151367188
3.164725457571,-53.102153778076,-50.427837371826,-53.257015228271,-51.393569946289
3.174708818636,-52.858966827393,-50.634353637695,-53.151279449463,-51.407306671143
3.184692179700,-52.796775817871,-50.304466247559,-53.260482788086,-51.311206817627
3.194675540765,-53.134487152100,-50.420516967773,-53.197620391846,-51.267143249512
3.204658901830,-52.717746734619,-50.505496978760,-53.038501739502,-51.572135925293
3.214642262895,-52.976909637451,-50.536853790283,-53.129455566406,-51.259201049805
3.224625623960,-52.999351501465,-50.486389160156,-53.078701019287,-51.473934173584
3.234608985025,-52.906124114990,-50.540073394775,-52.950916290283,-51.176071166992
3.244592346090,-52.884143829346,-50.294822692871,-53.138114929199,-51.450424194336
3.254575707155,-52.905998229980,-50.485454559326,-53.052661895752,-51.311561584473
3.264559068220,-52.935752868652,-50.544731140137,-53.130756378174,-51.476707458496
3.274542429285,-53.035247802734,-50.488864898682,-53.053878784180,-51.537071228027
3.284525790349,-52.814289093018,-50.496135711670,-53.151294708252,-51.291893005371
3.294509151414,-52.933704376221,-50.648605346680,-53.042747497559,-51.157253265381
3.304492512479,-52.983062744141,-50.572837829590,-53.104087829590,-50.963489532471
3.314475873544,-52.890377044678,-50.457912445068,-52.966915130615,-51.255523681641
3.324459234609,-52.821643829346,-50.234313964844,-53.012203216553,-51.392936706543
3.334442595674,-52.776309967041,-50.475223541260,-53.055118560791,-51.280235290527
3.344425956739,-52.618518829346,-50.345149993896,-52.956729888916,-51.346729278564
3.354409317804,-52.696430206299,-50.394519805908,-52.879844665527,-51.354488372803
3.364392678869,-52.758735656738,-50.546310424805,-52.982528686523,-51.417087554932
3.374376039933,-52.951812744141,-50.331623077393,-53.083419799805,-51.278770446777
3.384359400998,-53.011100769043,-50.223430633545,-52.966361999512,-51.346675872803
3.394342762063,-52.787845611572,-50.542327880859,-53.067783355713,-51.449142456055
3.404326123128,-52.884281158447,-50.466934204102,-53.018241882324,-51.337028503418
3.414309484193,-52.763164520264,-50.360515594482,-53.081687927246,-51.236858367920
3.424292845258,-52.915405273438,-50.384159088135,-53.024105072021,-51.206249237061
3.434276206323,-52.788806915283,-50.282215118408,-53.014575958252,-51.186054229736
3.444259567388,-52.796218872070,-50.393360137939,-53.060447692871,-51.490154266357
3.454242928453,-52.726123809814,-50.444225311279,-53.004234313965,-51.399063110352
3.464226289517,-52.969711303711,-50.318134307861,-52.738754272461,-51.223770141602
3.474209650582,-52.770751953125,-50.328651428223,-52.885791778564,-51.365100860596
3.484193011647,-52.695751190186,-50.290966033936,-53.014995574951,-51.204990386963
3.494176372712,-52.785652160645,-50.522163391113,-52.686073303223,-51.207561492920
3.504159733777,-52.792736053467,-50.256046295166,-52.939746856689,-51.088211059570
3.514143094842,-52.689331054688,-50.252414703369,-53.021800994873,-51.282520294189
3.524126455907,-52.827930450439,-50.286376953125,-52.990894317627,-51.170875549316
3.534109816972,-52.773647308350,-50.323505401611,-52.854755401611,-51.171787261963
3.544093178037,-52.752449035645,-50.161254882812,-52.833679199219,-51.224765777588
3.554076539101,-52.643943786621,-50.247428894043,-52.799785614014,-51.221801757812
3.564059900166,-52.696228027344,-50.388473510742,-52.939826965332,-51.269786834717
3.574043261231,-52.709056854248,-50.387992858887,-52.824333190918,-51.363143920898
3.584026622296,-52.696632385254,-50.135276794434,-52.851051330566,-51.131237030029
3.594009983361,-52.802368164062,-50.386112213135,-53.096172332764,-51.076915740967
3.603993344426,-52.557991027832,-50.275871276855,-52.935966491699,-51.310550689697
3.613976705491,-52.599266052246,-50.211231231689,-52.845691680908,-51.238307952881
3.623960066556,-52.574131011963,-50.207298278809,-52.841487884521,-51.185047149658
3.633943427621,-52.597373962402,-50.306652069092,-52.694816589355,-51.205581665039
3.643926788686,-52.575550079346,-50.392509460449,-52.826660156250,-51.117645263672
3.653910149750,-52.658901214600,-50.285583496094,-52.756980895996,-51.215736389160
3.663893510815,-52.624691009521,-49.938484191895,-52.727848052979,-50.995048522949
3.673876871880,-52.400680541992,-50.270446777344,-52.728168487549,-51.078628540039
3.683860232945,-52.512363433838,-49.994613647461,-52.735107421875,-51.117187500000
3.693843594010,-52.606010437012,-50.358501434326,-52.718135833740,-50.999588012695
3.703826955075,-52.473392486572,-50.210697174072,-52.730628967285,-51.146354675293
3.713810316140,-52.598182678223,-50.114284515381,-52.611034393311,-51.145278930664
3.723793677205,-52.492168426514,-50.065723419189,-52.746204376221,-50.984378814697
3.733777038270,-52.385631561279,-50.271224975586,-52.729343414307,-51.189544677734
3.743760399334,-52.479389190674,-50.115112304688,-52.893409729004,-51.085914611816
3.753743760399,-52.440280914307,-49.948043823242,-52.629917144775,-50.714889526367
3.763727121464,-52.339202880859,-50.023357391357,-52.566398620605,-50.871784210205
3.773710482529,-52.460689544678,-50.076763153076,-52.590805053711,-50.991584777832
3.783693843594,-52.463150024414,-50.085620880127,-52.573673248291,-51.024890899658
3.793677204659,-52.308254241943,-50.030319213867,-52.663658142090,-50.960903167725
3.803660565724,-52.252079010010,-50.012973785400,-52.591747283936,-51.193828582764
3.813643926789,-52.407569885254,-50.031791687012,-52.670299530029,-50.832359313965
3.823627287854,-52.320671081543,-50.007411956787,-52.441852569580,-50.860557556152
3.833610648918,-52.333133697510,-50.151611328125,-52.629535675049,-50.947406768799
3.843594009983,-52.249721527100,-50.107627868652,-52.587879180908,-50.941600799561
3.853577371048,-52.391311645508,-49.893817901611,-52.512420654297,-50.834426879883
3.863560732113,-52.426181793213,-49.947612762451,-52.441730499268,-50.953109741211
3.873544093178,-52.367469787598,-50.126655578613,-52.488327026367,-50.954761505127
3.883527454243,-52.329784393311,-49.935249328613,-52.414184570312,-50.968929290771
3.893510815308,-52.203227996826,-49.977001190186,-52.444339752197,-51.006732940674
3.903494176373,-52.254932403564,-49.869331359863,-52.548522949219,-50.745529174805
3.913477537438,-52.266040802002,-49.875701904297,-52.384387969971,-50.905353546143
3.923460898502,-52.186859130859,-49.703800201416,-52.302185058594,-50.823467254639
3.933444259567,-52.138534545898,-49.796142578125,-52.499664306641,-50.835948944092
3.943427620632,-52.057949066162,-49.697174072266,-52.294929504395,-50.655071258545
3.953410981697,-52.077079772949,-49.698085784912,-52.328079223633,-50.928020477295
3.963394342762,-52.041561126709,-49.725955963135,-52.239727020264,-50.448719024658
3.973377703827,-51.945098876953,-49.770343780518,-52.207115173340,-50.877567291260
3.983361064892,-52.034297943115,-49.847991943359,-52.359783172607,-50.842411041260
3.993344425957,-52.173473358154,-49.681106567383,-52.206897735596,-50.593757629395
4.003327787022,-52.166046142578,-49.741355895996,-52.290523529053,-50.807594299316
4.013311148087,-51.995456695557,-49.798656463623,-52.274417877197,-50.804271697998
4.023294509151,-52.183792114258,-49.641540527344,-51.973205566406,-50.516334533691
4.033277870216,-52.216686248779,-49.541198730469,-52.137084960938,-50.691589355469
4.043261231281,-51.999847412109,-49.844905853271,-52.112846374512,-50.715862274170
4.053244592346,-52.017547607422,-49.572624206543,-52.220912933350,-50.630203247070
4.063227953411,-51.976402282715,-49.708747863770,-52.103252410889,-50.557907104492
4.073211314476,-51.989498138428,-49.593147277832,-52.098026275635,-50.315452575684
4.083194675541,-51.938358306885,-49.556320190430,-51.975795745850,-50.624664306641
4.093178036606,-52.038944244385,-49.530200958252,-52.071720123291,-50.528381347656
4.103161397671,-51.772235870361,-49.650562286377,-51.965831756592,-50.429870605469
4.113144758735,-51.932769775391,-49.450260162354,-51.912368774414,-50.508548736572
4.123128119800,-51.770828247070,-49.439437866211,-52.154819488525,-50.541381835938
4.133111480865,-51.879665374756,-49.545585632324,-52.000968933105,-50.544685363770
4.143094841930,-51.886302947998,-49.461013793945,-51.939937591553,-50.461956024170
4.153078202995,-51.748172760010,-49.463306427002,-51.961322784424,-50.596843719482
4.163061564060,-51.769279479980,-49.366889953613,-51.903827667236,-50.445896148682
4.173044925125,-51.917953491211,-49.401443481445,-51.837764739990,-50.567829132080
4.183028286190,-51.925655364990,-49.264808654785,-51.916797637939,-50.258159637451
4.193011647255,-51.797527313232,-49.304618835449,-51.810905456543,-50.361293792725
4.202995008319,-51.711048126221,-49.282474517822,-51.822513580322,-50.463371276855
4.212978369384,-51.720451354980,-49.207424163818,-51.885181427002,-50.345958709717
4.222961730449,-51.639759063721,-49.294418334961,-51.743373870850,-50.064472198486
4.232945091514,-51.589885711670,-49.123458862305,-51.717090606689,-50.186870574951
4.242928452579,-51.595092773438,-49.346805572510,-51.625434875488,-50.195388793945
4.252911813644,-51.613319396973,-49.276168823242,-51.681571960449,-50.243988037109
4.262895174709,-51.491748809814,-49.270626068115,-51.665477752686,-50.199420928955
4.272878535774,-51.463554382324,-49.058940887451,-51.547813415527,-50.111988067627
4.282861896839,-51.502895355225,-49.249469757080,-51.619022369385,-50.012115478516
4.292845257903,-51.488445281982,-48.914108276367,-51.544025421143,-50.138656616211
4.302828618968,-51.293468475342,-48.786605834961,-51.559028625488,-49.988361358643
4.312811980033,-51.348171234131,-49.074798583984,-51.537757873535,-49.996799468994
4.322795341098,-51.429790496826,-48.896202087402,-51.348224639893,-49.969814300537
4.332778702163,-51.233661651611,-48.973262786865,-51.407352447510,-50.031612396240
4.342762063228,-51.207603454590,-48.923545837402,-51.489505767822,-50.106212615967
4.352745424293,-51.249771118164,-48.986442565918,-51.410488128662,-50.068958282471
4.362728785358,-51.207794189453,-48.775012969971,-51.348091125488,-49.881065368652
4.372712146423,-51.238250732422,-48.816997528076,-51.282520294189,-49.813434600830
4.382695507488,-51.231597900391,-48.907230377197,-51.285614013672,-49.791843414307
4.392678868552,-51.077320098877,-48.641040802002,-51.262527465820,-50.066806793213
4.402662229617,-51.175815582275,-48.747745513916,-51.211585998535,-49.947338104248
4.412645590682,-51.025947570801,-48.718994140625,-51.150585174561,-49.864307403564
4.422628951747,-51.113079071045,-48.731086730957,-51.235763549805,-49.784931182861
4.432612312812,-50.919345855713,-48.736400604248,-51.081356048584,-49.780563354492
4.442595673877,-51.095428466797,-48.507335662842,-51.150600433350,-49.630439758301
4.452579034942,-51.058589935303,-48.592849731445,-51.121112823486,-49.645683288574
4.462562396007,-50.930351257324,-48.678066253662,-51.073478698730,-49.719703674316
4.472545757072,-50.951137542725,-48.592872619629,-50.904933929443,-49.816070556641
4.482529118136,-50.949272155762,-48.666637420654,-50.896678924561,-49.761695861816
4.492512479201,-50.925834655762,-48.455890655518,-51.071376800537,-49.639915466309
4.502495840266,-50.779506683350,-48.487442016602,-50.829662322998,-49.610118865967
4.512479201331,-50.736026763916,-48.220165252686,-50.915397644043,-49.589473724365
4.522462562396,-50.666690826416,-48.311637878418,-50.799255371094,-49.525527954102
4.532445923461,-50.651546478271,-48.486145019531,-50.775978088379,-49.468955993652
4.542429284526,-50.681430816650,-48.322338104248,-50.740581512451,-49.435878753662
4.552412645591,-50.712169647217,-48.135887145996,-50.771438598633,-49.369468688965
4.562396006656,-50.605175018311,-48.200492858887,-50.687480926514,-49.491374969482
4.572379367720,-50.505001068115,-48.201026916504,-50.710041046143,-49.270824432373
4.582362728785,-50.471771240234,-48.207817077637,-50.518577575684,-49.341148376465
4.592346089850,-50.467849731445,-48.024169921875,-50.473709106445,-49.196216583252
4.602329450915,-50.352344512939,-48.062610626221,-50.496883392334,-49.147911071777
4.612312811980,-50.437362670898,-48.129825592041,-50.347236633301,-49.087638854980
4.622296173045,-50.445594787598,-47.991485595703,-50.450767517090,-49.200065612793
4.632279534110,-50.281101226807,-47.784938812256,-50.328830718994,-49.068237304688
4.642262895175,-50.334957122803,-47.886405944824,-50.328460693359,-48.993896484375
4.652246256240,-50.215385437012,-47.819923400879,-50.271160125732,-49.044818878174
4.662229617304,-50.232025146484,-47.739597320557,-50.229492187500,-49.089252471924
4.672212978369,-50.115570068359,-47.719161987305,-50.227756500244,-48.890163421631
4.682196339434,-50.094806671143,-47.726314544678,-50.078083038330,-48.817108154297
4.692179700499,-49.956867218018,-47.586406707764,-50.195304870605,-48.811939239502
4.702163061564,-49.994659423828,-47.513698577881,-50.024906158447,-48.852378845215
4.712146422629,-49.929256439209,-47.643962860107,-49.904773712158,-48.772239685059
4.722129783694,-49.945217132568,-47.595565795898,-49.844131469727,-48.709972381592
4.732113144759,-49.868602752686,-47.396541595459,-49.867271423340,-48.734226226807
4.742096505824,-49.878971099854,-47.270210266113,-49.964981079102,-48.765872955322
4.752079866889,-49.769874572754,-47.412322998047,-49.837760925293,-48.559776306152
4.762063227953,-49.727333068848,-47.284870147705,-49.754547119141,-48.533744812012
4.772046589018,-49.721271514893,-47.366382598877,-49.581695556641,-48.538066864014
4.782029950083,-49.704490661621,-47.237030029297,-49.644721984863,-48.428947448730
4.792013311148,-49.605567932129,-47.099914550781,-49.655681610107,-48.526798248291
4.801996672213,-49.633964538574,-47.309242248535,-49.595851898193,-48.416835784912
4.811980033278,-49.611679077148,-47.057250976562,-49.541610717773,-48.194458007812
4.821963394343,-49.478477478027,-46.972942352295,-49.445514678955,-48.370059967041
4.831946755408,-49.337253570557,-46.969482421875,-49.443778991699,-48.402210235596
4.841930116473,-49.380950927734,-46.850536346436,-49.410861968994,-48.320804595947
4.851913477537,-49.150920867920,-46.809360504150,-49.263050079346,-48.066074371338
4.861896838602,-49.225620269775,-46.784656524658,-49.165596008301,-47.940391540527
4.871880199667,-49.151062011719,-46.710212707520,-49.091732025146,-48.030826568604
4.881863560732,-49.121807098389,-46.624431610107,-49.058910369873,-48.058555603027
4.891846921797,-48.981399536133,-46.617763519287,-48.977500915527,-47.957553863525
4.901830282862,-48.851940155029,-46.641624450684,-48.870201110840,-47.818233489990
4.911813643927,-48.907287597656,-46.583946228027,-48.928173065186,-47.966327667236
4.921797004992,-48.820697784424,-46.549835205078,-48.966415405273,-47.737941741943
4.931780366057,-48.692188262939,-46.546123504639,-48.788795471191,-47.721542358398
4.941763727121,-48.915054321289,-46.416053771973,-48.703372955322,-47.625278472900
4.951747088186,-48.684925079346,-46.124904632568,-48.616428375244,-47.710006713867
4.961730449251,-48.553802490234,-46.226291656494,-48.623790740967,-47.590187072754
4.971713810316,-48.576194763184,-46.129669189453,-48.616512298584,-47.439334869385
4.981697171381,-48.527202606201,-46.152641296387,-48.648178100586,-47.475811004639
4.991680532446,-48.365230560303,-45.972537994385,-48.511051177979,-47.511817932129
5.001663893511,-48.340190887451,-46.025650024414,-48.358783721924,-47.277503967285
5.011647254576,-48.384151458740,-45.819221496582,-48.230930328369,-47.231395721436
5.021630615641,-48.290851593018,-45.784336090088,-48.296096801758,-47.129505157471
5.031613976705,-48.123821258545,-45.758766174316,-48.146034240723,-47.048576354980
5.041597337770,-48.079746246338,-45.880619049072,-48.095676422119,-46.956081390381
5.051580698835,-47.997024536133,-45.755237579346,-47.989383697510,-46.950702667236
5.061564059900,-47.899944305420,-45.543659210205,-47.981906890869,-46.815734863281
5.071547420965,-47.907291412354,-45.453273773193,-47.808689117432,-46.791744232178
5.081530782030,-47.695442199707,-45.302455902100,-47.799015045166,-46.776683807373
5.091514143095,-47.694316864014,-45.256759643555,-47.684825897217,-46.596752166748
5.101497504160,-47.577922821045,-45.273666381836,-47.580463409424,-46.514869689941
5.111480865225,-47.542186737061,-45.179462432861,-47.518554687500,-46.479686737061
5.121464226290,-47.400455474854,-45.054405212402,-47.369461059570,-46.594024658203
5.131447587354,-47.429004669189,-45.022483825684,-47.424926757812,-46.469394683838
5.141430948419,-47.136589050293,-44.912410736084,-47.297767639160,-46.227489471436
5.151414309484,-47.117462158203,-44.909435272217,-47.294570922852,-46.223361968994
5.161397670549,-47.072383880615,-44.772781372070,-47.044418334961,-46.172657012939
5.171381031614,-47.022300720215,-44.716247558594,-47.113159179688,-46.073810577393
5.181364392679,-46.938343048096,-44.717548370361,-46.933433532715,-46.063293457031
5.191347753744,-46.925006866455,-44.560443878174,-46.824039459229,-45.944015502930
5.201331114809,-46.786121368408,-44.416343688965,-46.818401336670,-45.736461639404
5.211314475874,-46.789924621582,-44.414337158203,-46.662818908691,-45.743061065674
5.221297836938,-46.524913787842,-44.234294891357,-46.615562438965,-45.623882293701
5.231281198003,-46.502880096436,-44.187576293945,-46.524131774902,-45.588436126709
5.241264559068,-46.510589599609,-43.966133117676,-46.418666839600,-45.423519134521
5.251247920133,-46.434730529785,-43.868667602539,-46.295864105225,-45.351432800293
5.261231281198,-46.216392517090,-43.961681365967,-46.267253875732,-45.358814239502
5.271214642263,-46.029659271240,-43.759464263916,-46.078453063965,-45.171787261963
5.281198003328,-46.003955841064,-43.641899108887,-45.928108215332,-45.028675079346
5.291181364393,-45.788909912109,-43.616512298584,-45.920391082764,-44.946891784668
5.301164725458,-45.788742065430,-43.431289672852,-45.848960876465,-44.914577484131
5.311148086522,-45.651538848877,-43.396259307861,-45.630527496338,-44.757133483887
5.321131447587,-45.554691314697,-43.170501708984,-45.592056274414,-44.612522125244
5.331114808652,-45.455677032471,-43.160350799561,-45.462429046631,-44.540813446045
5.341098169717,-45.335502624512,-42.955387115479,-45.256370544434,-44.403301239014
5.351081530782,-45.224960327148,-42.837398529053,-45.272212982178,-44.395782470703
5.361064891847,-45.153377532959,-42.745555877686,-45.085330963135,-44.239734649658
5.371048252912,-44.984508514404,-42.670421600342,-44.909557342529,-44.100990295410
5.381031613977,-44.878360748291,-42.497188568115,-44.785743713379,-43.999992370605
5.391014975042,-44.772403717041,-42.362613677979,-44.758983612061,-43.890514373779
5.400998336106,-44.681747436523,-42.248176574707,-44.621768951416,-43.664344787598
5.410981697171,-44.544536590576,-42.185390472412,-44.469448089600,-43.624084472656
5.420965058236,-44.384986877441,-41.987613677979,-44.361629486084,-43.549232482910
5.430948419301,-44.219909667969,-41.942203521729,-44.177486419678,-43.349594116211
5.440931780366,-44.108654022217,-41.778934478760,-44.069759368896,-43.245403289795
5.450915141431,-43.953392028809,-41.660667419434,-43.936706542969,-43.158565521240
5.460898502496,-43.845291137695,-41.528484344482,-43.775119781494,-42.959583282471
5.470881863561,-43.654376983643,-41.352043151855,-43.696941375732,-42.815670013428
5.480865224626,-43.531074523926,-41.151363372803,-43.544372558594,-42.665630340576
5.490848585691,-43.418807983398,-41.016036987305,-43.396205902100,-42.584800720215
5.500831946755,-43.255561828613,-40.882530212402,-43.209327697754,-42.367408752441
5.510815307820,-43.108005523682,-40.707309722900,-43.107360839844,-42.163791656494
5.520798668885,-42.892375946045,-40.630462646484,-42.927452087402,-42.026271820068
5.530782029950,-42.845352172852,-40.394039154053,-42.747741699219,-41.982276916504
5.540765391015,-42.581382751465,-40.179664611816,-42.587535858154,-41.771774291992
5.550748752080,-42.437911987305,-40.042942047119,-42.452445983887,-41.502906799316
5.560732113145,-42.286354064941,-39.880561828613,-42.243816375732,-41.384704589844
5.570715474210,-42.062438964844,-39.715934753418,-42.047752380371,-41.209579467773
5.580698835275,-41.839073181152,-39.524932861328,-41.902713775635,-41.056053161621
5.590682196339,-41.700984954834,-39.384868621826,-41.724739074707,-40.831485748291
5.600665557404,-41.501125335693,-39.134136199951,-41.488426208496,-40.661270141602
5.610648918469,-41.340293884277,-38.945953369141,-41.300655364990,-40.505496978760
5.620632279534,-41.126483917236,-38.693058013916,-41.109683990479,-40.314498901367
5.630615640599,-40.944339752197,-38.532848358154,-40.938617706299,-40.053302764893
5.640599001664,-40.654888153076,-38.338310241699,-40.707218170166,-39.912784576416
5.650582362729,-40.497714996338,-38.073997497559,-40.523590087891,-39.648159027100
5.660565723794,-40.228679656982,-37.844573974609,-40.267463684082,-39.427326202393
5.670549084859,-40.024200439453,-37.631534576416,-40.008182525635,-39.244102478027
5.680532445923,-39.757675170898,-37.358432769775,-39.768939971924,-38.916553497314
5.690515806988,-39.536106109619,-37.121376037598,-39.552154541016,-38.739162445068
5.700499168053,-39.312179565430,-36.895111083984,-39.262008666992,-38.470996856689
5.710482529118,-38.982891082764,-36.628421783447,-39.028957366943,-38.208587646484
5.720465890183,-38.723800659180,-36.325843811035,-38.714771270752,-37.940322875977
5.730449251248,-38.447120666504,-36.061988830566,-38.444965362549,-37.616901397705
5.740432612313,-38.125446319580,-35.773067474365,-38.177665710449,-37.399349212646
5.750415973378,-37.858310699463,-35.509021759033,-37.885246276855,-37.025718688965
5.760399334443,-37.533519744873,-35.140022277832,-37.561641693115,-36.756919860840
5.770382695507,-37.217887878418,-34.834007263184,-37.297145843506,-36.401752471924
5.780366056572,-36.856052398682,-34.495220184326,-36.928825378418,-36.081024169922
5.790349417637,-36.512744903564,-34.146392822266,-36.593441009521,-35.769950866699
5.800332778702,-36.159465789795,-33.770236968994,-36.220378875732,-35.380126953125
5.810316139767,-35.761756896973,-33.403999328613,-35.838512420654,-35.019065856934
5.820299500832,-35.374736785889,-32.973857879639,-35.447181701660,-34.602203369141
5.830282861897,-34.946552276611,-32.544456481934,-35.038867950439,-34.156482696533
5.840266222962,-34.488212585449,-32.096515655518,-34.580509185791,-33.707912445068
5.850249584027,-34.018451690674,-31.631425857544,-34.116859436035,-33.246395111084
5.860232945092,-33.497764587402,-31.122802734375,-33.639450073242,-32.785697937012
5.870216306156,-32.962635040283,-30.610857009888,-33.092590332031,-32.270954132080
5.880199667221,-32.415184020996,-30.019243240356,-32.530700683594,-31.686464309692
5.890183028286,-31.790586471558,-29.424983978271,-31.931665420532,-31.078481674194
5.900166389351,-31.138973236084,-28.762300491333,-31.250539779663,-30.469364166260
5.910149750416,-30.323078155518,-28.024595260620,-30.680667877197,-29.778104782104
5.920133111481,-29.543329238892,-27.184808731079,-29.898694992065,-29.057893753052
5.930116472546,-30.127582550049,-27.406972885132,-27.946353912354,-27.572847366333
5.940099833611,-28.141050338745,-25.742401123047,-27.882255554199,-27.106231689453
5.950083194676,-27.215053558350,-24.560340881348,-27.387304306030,-25.996469497681
5.960066555740,-25.625892639160,-23.382480621338,-25.882675170898,-24.907760620117
5.970049916805,-24.208850860596,-21.936941146851,-24.397302627563,-23.515790939331
5.980033277870,-22.668018341064,-20.278018951416,-22.875755310059,-21.903791427612
5.990016638935,-20.581979751587,-18.180334091187,-20.897832870483,-19.810388565063
